team,season,situation,games_played,xGoalsPercentage,corsiPercentage,fenwickPercentage,iceTime,xOnGoalFor,xGoalsFor,xReboundsFor,xFreezeFor,xPlayStoppedFor,xPlayContinuedInZoneFor,xPlayContinuedOutsideZoneFor,flurryAdjustedxGoalsFor,scoreVenueAdjustedxGoalsFor,flurryScoreVenueAdjustedxGoalsFor,shotsOnGoalFor,missedShotsFor,blockedShotAttemptsFor,shotAttemptsFor,goalsFor,reboundsFor,reboundGoalsFor,freezeFor,playStoppedFor,playContinuedInZoneFor,playContinuedOutsideZoneFor,savedShotsOnGoalFor,savedUnblockedShotAttemptsFor,penaltiesFor,penalityMinutesFor,faceOffsWonFor,hitsFor,takeawaysFor,giveawaysFor,lowDangerShotsFor,mediumDangerShotsFor,highDangerShotsFor,lowDangerxGoalsFor,mediumDangerxGoalsFor,highDangerxGoalsFor,lowDangerGoalsFor,mediumDangerGoalsFor,highDangerGoalsFor,scoreAdjustedShotsAttemptsFor,unblockedShotAttemptsFor,scoreAdjustedUnblockedShotAttemptsFor,dZoneGiveawaysFor,xGoalsFromxReboundsOfShotsFor,xGoalsFromActualReboundsOfShotsFor,reboundxGoalsFor,totalShotCreditFor,scoreAdjustedTotalShotCreditFor,scoreFlurryAdjustedTotalShotCreditFor,xOnGoalAgainst,xGoalsAgainst,xReboundsAgainst,xFreezeAgainst,xPlayStoppedAgainst,xPlayContinuedInZoneAgainst,xPlayContinuedOutsideZoneAgainst,flurryAdjustedxGoalsAgainst,scoreVenueAdjustedxGoalsAgainst,flurryScoreVenueAdjustedxGoalsAgainst,shotsOnGoalAgainst,missedShotsAgainst,blockedShotAttemptsAgainst,shotAttemptsAgainst,goalsAgainst,reboundsAgainst,reboundGoalsAgainst,freezeAgainst,playStoppedAgainst,playContinuedInZoneAgainst,playContinuedOutsideZoneAgainst,savedShotsOnGoalAgainst,savedUnblockedShotAttemptsAgainst,penaltiesAgainst,penalityMinutesAgainst,faceOffsWonAgainst,hitsAgainst,takeawaysAgainst,giveawaysAgainst,lowDangerShotsAgainst,mediumDangerShotsAgainst,highDangerShotsAgainst,lowDangerxGoalsAgainst,mediumDangerxGoalsAgainst,highDangerxGoalsAgainst,lowDangerGoalsAgainst,mediumDangerGoalsAgainst,highDangerGoalsAgainst,scoreAdjustedShotsAttemptsAgainst,unblockedShotAttemptsAgainst,scoreAdjustedUnblockedShotAttemptsAgainst,dZoneGiveawaysAgainst,xGoalsFromxReboundsOfShotsAgainst,xGoalsFromActualReboundsOfShotsAgainst,reboundxGoalsAgainst,totalShotCreditAgainst,scoreAdjustedTotalShotCreditAgainst,scoreFlurryAdjustedTotalShotCreditAgainst
FLA,20242025,5on5,80,0.55,0.56,0.55,235349.0,2147.63,175.87,136.19,560.81,73.35,1175.29,854.48,168.22,176.64,168.98,1937.0,1039.0,1189.0,4165.0,150.0,237.0,22.0,479.0,1.0,1061.0,1048.0,1787.0,2826.0,288.0,642.0,1813.0,2225.0,336.0,1014.0,2313.0,478.0,185.0,64.02,59.39,52.45,75.0,52.0,23.0,4206.11,2976.0,2996.21,452.0,28.17,47.01,47.59,156.45,157.33,154.33,1790.44,144.13,112.58,457.64,60.53,969.08,728.06,139.21,143.47,138.62,1611.0,861.0,857.0,3329.0,132.0,165.0,16.0,379.0,3.0,802.0,991.0,1479.0,2340.0,270.0,604.0,1811.0,1666.0,301.0,965.0,1916.0,415.0,141.0,52.82,51.4,39.91,57.0,56.0,19.0,3317.4,2472.0,2462.56,494.0,23.34,33.72,33.72,133.75,133.32,131.19
TOR,20242025,5on5,80,0.5,0.47,0.48,237425.0,1900.62,156.8,121.26,477.97,63.17,1025.15,756.66,151.19,158.2,152.55,1748.0,853.0,1000.0,3601.0,164.0,175.0,15.0,364.0,5.0,764.0,1129.0,1584.0,2437.0,255.0,571.0,1837.0,1850.0,315.0,1052.0,1986.0,462.0,153.0,55.09,58.4,43.3,65.0,76.0,23.0,3625.74,2601.0,2620.02,525.0,25.14,34.21,35.02,146.92,148.0,145.82,2014.5,157.38,126.45,523.93,68.53,1106.59,821.12,151.83,157.34,151.8,1790.0,1014.0,1203.0,4007.0,134.0,217.0,21.0,395.0,2.0,891.0,1165.0,1656.0,2670.0,227.0,526.0,1573.0,1606.0,316.0,1019.0,2211.0,436.0,157.0,58.32,54.79,44.27,67.0,49.0,18.0,3980.23,2804.0,2800.36,476.0,26.14,38.57,39.05,144.48,144.45,142.43
MIN,20242025,5on5,81,0.49,0.48,0.48,246098.0,1914.56,151.27,120.99,479.18,64.9,1050.57,794.09,145.43,152.35,146.42,1762.0,899.0,1067.0,3728.0,140.0,189.0,16.0,345.0,6.0,825.0,1156.0,1622.0,2521.0,232.0,544.0,1650.0,1556.0,355.0,1088.0,2063.0,469.0,129.0,56.12,57.69,37.45,68.0,54.0,18.0,3739.93,2661.0,2673.14,533.0,25.04,38.07,38.52,137.81,138.49,136.51,2061.64,155.99,129.77,525.98,69.43,1144.1,835.78,150.48,157.13,151.57,1873.0,989.0,1228.0,4090.0,146.0,175.0,22.0,413.0,5.0,874.0,1249.0,1727.0,2716.0,219.0,516.0,1851.0,1500.0,293.0,1102.0,2268.0,450.0,144.0,61.12,55.17,39.71,63.0,57.0,26.0,4103.43,2862.0,2872.66,494.0,26.72,34.25,34.37,148.29,149.16,146.72
LAK,20242025,5on5,79,0.55,0.53,0.54,236142.0,2073.71,171.76,132.47,527.87,70.31,1120.34,835.24,165.05,173.79,166.99,1799.0,1059.0,1165.0,4023.0,170.0,218.0,31.0,396.0,8.0,920.0,1146.0,1629.0,2688.0,238.0,540.0,1753.0,1581.0,292.0,988.0,2198.0,485.0,175.0,60.4,60.77,50.59,83.0,53.0,34.0,4079.55,2858.0,2896.05,457.0,27.47,46.33,46.82,152.42,154.21,151.92,1778.12,138.98,111.91,452.23,59.99,960.82,724.14,134.67,138.77,134.45,1574.0,875.0,1071.0,3520.0,119.0,163.0,21.0,312.0,6.0,762.0,1087.0,1455.0,2330.0,209.0,469.0,1740.0,1680.0,309.0,996.0,1900.0,430.0,119.0,50.66,53.69,34.63,58.0,42.0,19.0,3486.28,2449.0,2431.25,440.0,23.2,31.03,31.29,130.83,130.38,128.74
OTT,20242025,5on5,80,0.5,0.5,0.5,231668.0,1917.79,154.15,119.77,493.53,65.26,1042.97,768.32,149.11,155.39,150.32,1772.0,872.0,1074.0,3718.0,135.0,180.0,24.0,379.0,6.0,802.0,1142.0,1637.0,2509.0,261.0,578.0,1810.0,1958.0,326.0,902.0,2045.0,433.0,166.0,55.04,53.88,45.23,58.0,45.0,32.0,3741.77,2644.0,2659.39,456.0,24.81,36.06,36.48,142.48,143.19,141.2,1888.31,156.13,118.96,484.5,64.77,1024.64,765.01,149.66,155.96,149.54,1773.0,841.0,1112.0,3726.0,151.0,205.0,29.0,382.0,6.0,775.0,1095.0,1622.0,2463.0,281.0,630.0,1667.0,1853.0,298.0,1054.0,2020.0,424.0,170.0,56.05,53.69,46.4,63.0,53.0,35.0,3715.34,2614.0,2609.21,523.0,24.68,40.71,41.18,139.63,139.41,136.77
WSH,20242025,5on5,80,0.52,0.51,0.51,238929.0,1988.55,179.4,124.8,505.52,67.79,1070.37,803.1,172.22,180.87,173.69,1743.0,1008.0,1104.0,3855.0,188.0,193.0,27.0,375.0,0.0,815.0,1180.0,1555.0,2563.0,256.0,578.0,1749.0,1428.0,302.0,1054.0,2040.0,524.0,187.0,59.02,66.92,53.47,84.0,63.0,41.0,3895.55,2751.0,2779.16,502.0,25.94,41.0,41.0,164.34,165.87,162.99,1901.29,166.59,119.43,476.59,64.43,1009.58,760.36,159.6,166.71,159.76,1664.0,933.0,1154.0,3751.0,156.0,186.0,18.0,353.0,5.0,815.0,1082.0,1508.0,2441.0,241.0,549.0,1700.0,1496.0,298.0,1030.0,1935.0,480.0,182.0,54.44,60.9,51.26,65.0,59.0,32.0,3732.57,2597.0,2591.76,505.0,24.75,39.81,39.69,151.66,151.94,149.46
PHI,20242025,5on5,80,0.53,0.48,0.5,242774.0,1922.22,171.79,128.13,482.38,65.39,1026.06,754.26,164.32,172.53,164.95,1745.0,883.0,983.0,3611.0,164.0,207.0,26.0,367.0,4.0,734.0,1152.0,1581.0,2464.0,223.0,489.0,1791.0,1578.0,350.0,1145.0,1959.0,482.0,187.0,56.49,62.0,53.31,78.0,60.0,26.0,3588.18,2628.0,2622.48,546.0,26.63,43.35,43.51,154.9,154.82,152.42,1892.3,151.43,119.14,475.05,63.19,1028.17,772.02,146.12,153.16,147.76,1706.0,903.0,1288.0,3897.0,190.0,168.0,17.0,338.0,8.0,798.0,1107.0,1516.0,2419.0,227.0,501.0,1704.0,1592.0,364.0,1090.0,2029.0,447.0,133.0,58.43,55.72,37.28,96.0,68.0,26.0,3955.83,2609.0,2645.34,528.0,24.67,34.75,35.11,140.99,142.72,140.51
SEA,20242025,5on5,81,0.46,0.48,0.48,242064.0,1964.88,152.05,123.45,497.71,66.89,1082.52,813.38,147.09,151.41,146.49,1743.0,993.0,1054.0,3790.0,167.0,179.0,18.0,377.0,5.0,894.0,1114.0,1576.0,2569.0,210.0,475.0,1749.0,1615.0,359.0,1035.0,2165.0,447.0,124.0,60.55,56.08,35.43,81.0,64.0,22.0,3749.68,2736.0,2715.47,494.0,25.49,33.94,34.08,143.48,142.7,140.58,2121.43,177.48,136.49,540.82,72.59,1162.26,856.38,170.52,179.86,172.85,1853.0,1093.0,1191.0,4137.0,179.0,227.0,23.0,463.0,9.0,986.0,1082.0,1674.0,2767.0,240.0,523.0,1839.0,1579.0,312.0,1028.0,2267.0,499.0,180.0,64.14,63.02,50.33,82.0,75.0,22.0,4209.19,2946.0,2993.89,489.0,28.3,45.12,45.54,160.24,162.17,159.18
NSH,20242025,5on5,80,0.5,0.51,0.5,235275.0,1932.62,162.01,126.21,485.02,65.37,1054.23,774.16,156.34,161.48,155.83,1784.0,883.0,1130.0,3797.0,124.0,188.0,16.0,414.0,4.0,827.0,1110.0,1660.0,2543.0,251.0,615.0,1807.0,1796.0,332.0,1070.0,2019.0,496.0,152.0,57.43,62.28,42.3,53.0,52.0,19.0,3755.74,2667.0,2650.34,484.0,26.18,36.95,36.62,151.56,151.08,148.64,1950.56,164.43,126.14,488.54,65.19,1050.43,782.27,158.1,165.63,159.31,1822.0,855.0,1023.0,3700.0,184.0,192.0,16.0,365.0,1.0,797.0,1138.0,1638.0,2493.0,252.0,626.0,1737.0,1592.0,380.0,1117.0,2019.0,504.0,154.0,60.02,61.81,42.6,101.0,58.0,25.0,3741.19,2677.0,2701.59,533.0,26.23,36.52,37.19,153.47,154.76,152.0
NYI,20242025,5on5,80,0.5,0.5,0.51,242999.0,2054.66,171.06,132.85,523.2,70.22,1117.81,822.85,164.81,171.06,164.8,1844.0,994.0,1130.0,3968.0,160.0,211.0,23.0,408.0,2.0,933.0,1124.0,1684.0,2678.0,179.0,391.0,1957.0,1707.0,341.0,1077.0,2185.0,483.0,170.0,63.18,61.01,46.88,67.0,69.0,24.0,3957.04,2838.0,2833.24,527.0,27.62,42.73,42.87,155.81,155.7,152.94,2017.64,170.05,129.97,506.95,67.76,1089.3,810.97,163.84,171.08,164.81,1802.0,973.0,1203.0,3978.0,154.0,208.0,14.0,338.0,6.0,927.0,1142.0,1648.0,2621.0,205.0,449.0,1629.0,1644.0,383.0,1086.0,2110.0,499.0,166.0,59.81,63.17,47.07,78.0,60.0,16.0,4002.51,2775.0,2791.53,530.0,26.97,43.12,43.2,153.81,154.7,152.19
VAN,20242025,5on5,80,0.49,0.49,0.48,238718.0,1772.55,143.97,112.0,446.43,59.58,975.31,728.69,137.76,144.76,138.53,1590.0,876.0,1076.0,3542.0,150.0,167.0,23.0,351.0,5.0,825.0,968.0,1440.0,2316.0,267.0,609.0,1695.0,2027.0,311.0,935.0,1938.0,365.0,163.0,51.82,46.28,45.87,75.0,48.0,27.0,3558.46,2466.0,2479.12,466.0,23.1,36.3,36.18,130.9,131.59,129.24,1890.72,151.97,118.17,483.23,63.93,1034.48,773.22,146.02,152.54,146.59,1662.0,963.0,1071.0,3696.0,159.0,180.0,26.0,364.0,2.0,890.0,1030.0,1503.0,2466.0,261.0,603.0,1755.0,1560.0,291.0,1036.0,2049.0,424.0,152.0,53.95,54.49,43.52,85.0,49.0,25.0,3696.64,2625.0,2626.81,477.0,24.47,37.77,38.11,138.33,138.64,136.09
DET,20242025,5on5,79,0.48,0.48,0.48,240421.0,1876.55,158.81,117.78,471.94,63.42,1006.67,752.37,152.48,158.61,152.27,1669.0,902.0,1035.0,3606.0,134.0,187.0,15.0,353.0,6.0,809.0,1082.0,1535.0,2437.0,194.0,419.0,1742.0,1438.0,306.0,1094.0,1943.0,469.0,159.0,55.01,58.63,45.17,54.0,56.0,24.0,3586.25,2571.0,2565.52,561.0,24.44,39.33,38.9,144.34,144.1,142.04,2034.13,171.69,129.48,517.99,69.45,1098.35,814.04,164.03,173.45,165.71,1819.0,982.0,1117.0,3918.0,156.0,193.0,19.0,426.0,4.0,913.0,1109.0,1663.0,2645.0,235.0,499.0,1845.0,1684.0,327.0,1104.0,2102.0,522.0,177.0,57.39,64.19,50.12,76.0,58.0,22.0,3953.16,2801.0,2820.21,537.0,26.83,39.71,39.63,158.9,160.55,157.57
WPG,20242025,5on5,81,0.53,0.5,0.51,246311.0,2046.65,173.88,130.14,520.56,69.27,1106.37,831.78,166.73,177.0,169.72,1818.0,1014.0,1059.0,3891.0,169.0,219.0,28.0,436.0,5.0,876.0,1127.0,1649.0,2663.0,210.0,469.0,1753.0,1606.0,361.0,1019.0,2120.0,526.0,186.0,56.96,64.51,52.41,71.0,67.0,31.0,3969.6,2832.0,2882.54,493.0,27.07,44.17,44.23,156.7,159.53,156.45,1980.03,154.71,125.74,514.48,68.01,1093.01,806.07,149.16,153.62,148.05,1765.0,997.0,1120.0,3882.0,118.0,187.0,19.0,427.0,5.0,959.0,1066.0,1647.0,2644.0,218.0,475.0,1788.0,1867.0,352.0,1083.0,2177.0,445.0,140.0,60.21,55.8,38.7,61.0,35.0,22.0,3816.81,2762.0,2730.54,522.0,26.01,35.8,35.8,144.93,143.74,141.36
SJS,20242025,5on5,80,0.44,0.45,0.46,236548.0,1824.2,147.58,116.01,464.22,62.08,989.02,732.08,142.18,146.03,140.68,1695.0,816.0,1043.0,3554.0,143.0,188.0,23.0,330.0,5.0,807.0,1038.0,1552.0,2368.0,259.0,601.0,1707.0,1703.0,302.0,1069.0,1938.0,422.0,151.0,53.41,51.87,42.3,77.0,41.0,25.0,3473.46,2511.0,2474.52,511.0,24.01,38.83,38.78,132.81,131.35,129.17,2166.41,188.65,142.3,545.34,73.07,1182.18,863.46,179.78,192.34,183.25,1990.0,1005.0,1266.0,4261.0,201.0,251.0,25.0,389.0,7.0,971.0,1176.0,1789.0,2794.0,237.0,566.0,1843.0,1539.0,338.0,1086.0,2272.0,523.0,200.0,65.52,65.8,57.33,105.0,65.0,31.0,4388.34,2995.0,3060.7,491.0,29.52,50.62,51.11,167.06,170.24,166.92
MTL,20242025,5on5,80,0.47,0.48,0.47,234836.0,1812.6,163.34,115.11,451.83,61.99,982.1,736.64,158.18,162.52,157.37,1629.0,882.0,1103.0,3614.0,153.0,173.0,20.0,346.0,6.0,802.0,1031.0,1476.0,2358.0,268.0,584.0,1748.0,1839.0,317.0,988.0,1835.0,527.0,149.0,56.01,65.31,42.0,78.0,51.0,24.0,3583.35,2511.0,2493.5,444.0,23.85,33.98,34.07,153.12,152.06,149.65,2037.16,183.3,129.02,510.22,68.83,1080.4,806.22,176.21,185.91,178.67,1782.0,996.0,1194.0,3972.0,179.0,219.0,26.0,388.0,3.0,791.0,1198.0,1603.0,2599.0,252.0,552.0,1653.0,1614.0,342.0,987.0,2060.0,517.0,201.0,61.06,65.31,56.93,81.0,72.0,26.0,4014.79,2778.0,2809.91,481.0,26.74,46.23,46.84,163.2,165.27,162.66
ANA,20242025,5on5,80,0.45,0.46,0.46,236308.0,1902.78,155.42,117.98,486.48,64.38,1025.47,774.35,148.97,153.96,147.62,1720.0,905.0,1036.0,3661.0,154.0,212.0,24.0,407.0,6.0,777.0,1069.0,1566.0,2471.0,274.0,582.0,1564.0,1728.0,294.0,1020.0,2048.0,420.0,157.0,58.78,52.01,44.63,73.0,58.0,23.0,3613.42,2625.0,2601.92,484.0,24.45,43.07,43.26,136.55,135.4,132.94,2237.85,190.54,144.29,561.28,75.42,1222.35,900.13,184.01,192.42,185.85,1993.0,1101.0,1224.0,4318.0,162.0,213.0,24.0,511.0,4.0,979.0,1225.0,1831.0,2932.0,256.0,548.0,1941.0,1328.0,303.0,952.0,2341.0,567.0,186.0,68.99,71.33,50.21,60.0,69.0,33.0,4380.8,3094.0,3128.16,443.0,29.85,40.52,40.94,179.45,181.09,178.15
EDM,20242025,5on5,80,0.55,0.54,0.55,241745.0,2206.44,186.71,139.88,549.91,73.18,1176.82,893.5,179.35,187.61,180.18,2078.0,942.0,1173.0,4193.0,166.0,225.0,22.0,451.0,8.0,938.0,1232.0,1912.0,2854.0,211.0,470.0,1770.0,1128.0,387.0,1066.0,2286.0,561.0,173.0,66.91,70.25,49.55,74.0,69.0,23.0,4215.14,3020.0,3038.4,459.0,28.95,45.74,46.09,169.57,170.44,167.69,1842.52,155.2,113.7,468.22,62.12,985.64,735.11,149.52,155.63,149.9,1729.0,791.0,1006.0,3526.0,168.0,185.0,30.0,366.0,4.0,754.0,1043.0,1561.0,2352.0,227.0,505.0,1704.0,1553.0,324.0,1102.0,1916.0,442.0,162.0,54.53,54.68,46.0,77.0,64.0,27.0,3517.64,2520.0,2519.66,535.0,23.54,40.08,40.11,138.64,138.47,136.3
STL,20242025,5on5,81,0.5,0.49,0.49,248595.0,1854.61,154.82,117.28,464.4,60.57,1005.21,742.79,150.36,156.16,151.64,1756.0,790.0,1091.0,3637.0,172.0,153.0,21.0,385.0,1.0,738.0,1097.0,1584.0,2374.0,231.0,536.0,1820.0,1904.0,326.0,1167.0,1945.0,442.0,159.0,55.64,55.45,43.72,84.0,59.0,29.0,3655.36,2546.0,2555.76,546.0,24.25,32.55,32.8,146.2,147.37,145.53,1936.65,157.21,121.92,492.09,65.44,1053.59,784.74,151.61,157.79,152.14,1773.0,902.0,1185.0,3860.0,147.0,185.0,16.0,438.0,2.0,830.0,1073.0,1626.0,2528.0,227.0,531.0,1750.0,1582.0,344.0,1089.0,2062.0,448.0,165.0,56.63,55.08,45.5,63.0,61.0,23.0,3851.52,2675.0,2684.16,520.0,25.33,35.73,35.73,146.8,147.37,144.99
PIT,20242025,5on5,81,0.49,0.51,0.5,244875.0,2048.03,174.98,134.77,523.44,70.14,1108.13,812.53,167.16,174.9,167.07,1819.0,1005.0,1175.0,3999.0,154.0,227.0,19.0,408.0,7.0,881.0,1147.0,1665.0,2670.0,221.0,473.0,1926.0,1558.0,379.0,1117.0,2138.0,500.0,186.0,59.67,63.27,52.04,69.0,60.0,25.0,3977.31,2824.0,2810.19,505.0,27.99,46.18,46.38,156.58,156.55,153.4,2074.05,181.5,134.5,523.3,70.51,1119.82,827.37,173.72,183.8,175.84,1914.0,943.0,1059.0,3916.0,194.0,222.0,22.0,408.0,5.0,871.0,1157.0,1720.0,2663.0,233.0,513.0,1717.0,1538.0,363.0,1095.0,2140.0,528.0,189.0,60.97,66.79,53.74,84.0,79.0,31.0,3962.61,2857.0,2890.22,533.0,27.95,45.41,45.5,163.95,165.94,162.99
VGK,20242025,5on5,80,0.53,0.51,0.52,249953.0,2154.84,187.51,137.69,538.1,71.92,1151.15,865.62,180.02,189.62,182.06,1983.0,969.0,1133.0,4085.0,177.0,232.0,28.0,448.0,8.0,954.0,1133.0,1806.0,2775.0,173.0,393.0,1869.0,1391.0,352.0,1164.0,2212.0,532.0,208.0,65.41,66.01,56.09,77.0,72.0,28.0,4140.67,2952.0,2986.46,547.0,28.65,47.76,47.76,168.41,170.33,167.37,2003.21,168.09,126.5,510.94,68.3,1077.45,803.73,160.66,168.02,160.58,1740.0,1015.0,1140.0,3895.0,152.0,216.0,26.0,386.0,2.0,929.0,1070.0,1588.0,2603.0,192.0,431.0,1855.0,1802.0,332.0,1126.0,2111.0,463.0,181.0,59.59,57.96,50.54,69.0,49.0,34.0,3868.67,2755.0,2745.61,534.0,26.24,42.26,42.45,151.88,151.81,149.04
COL,20242025,5on5,82,0.53,0.54,0.54,244320.0,2117.0,170.91,132.32,546.32,71.62,1164.71,854.12,165.62,172.02,166.69,1925.0,1015.0,1302.0,4242.0,165.0,193.0,24.0,396.0,5.0,951.0,1230.0,1760.0,2775.0,208.0,453.0,1755.0,1468.0,362.0,1092.0,2275.0,509.0,156.0,65.12,62.65,43.14,81.0,57.0,27.0,4264.06,2940.0,2951.7,464.0,27.37,38.75,38.81,159.48,160.56,158.17,1831.97,151.44,115.95,470.96,61.42,983.11,728.12,145.95,151.5,146.01,1666.0,845.0,1085.0,3596.0,155.0,189.0,29.0,394.0,2.0,743.0,1028.0,1511.0,2356.0,236.0,503.0,1984.0,1556.0,326.0,1125.0,1900.0,467.0,144.0,50.6,59.39,41.45,66.0,56.0,33.0,3588.36,2511.0,2510.6,527.0,24.0,38.64,38.35,137.1,137.28,135.49
CGY,20242025,5on5,80,0.49,0.52,0.52,238961.0,2038.61,154.87,125.52,539.68,70.67,1118.51,826.74,149.41,155.23,149.75,1872.0,964.0,1272.0,4108.0,133.0,185.0,20.0,455.0,6.0,872.0,1185.0,1739.0,2703.0,258.0,598.0,1753.0,1749.0,373.0,1103.0,2252.0,425.0,159.0,58.72,53.23,42.92,66.0,39.0,28.0,4085.95,2836.0,2832.22,533.0,25.95,35.35,35.75,145.07,145.17,142.97,1926.65,161.08,120.64,494.02,65.37,1039.49,780.47,155.8,162.55,157.21,1791.0,871.0,1157.0,3819.0,138.0,185.0,21.0,454.0,11.0,810.0,1064.0,1653.0,2524.0,274.0,622.0,2069.0,1527.0,366.0,1165.0,2039.0,478.0,145.0,58.07,60.65,42.36,56.0,63.0,19.0,3848.73,2662.0,2680.55,587.0,25.09,39.36,39.36,146.76,147.87,145.75
CAR,20242025,5on5,80,0.55,0.59,0.58,234049.0,2332.34,196.22,146.25,602.83,79.2,1256.75,925.75,188.99,197.73,190.46,1971.0,1236.0,1354.0,4561.0,170.0,255.0,20.0,429.0,8.0,1085.0,1260.0,1801.0,3037.0,225.0,480.0,1976.0,1278.0,385.0,1129.0,2399.0,621.0,187.0,67.32,77.55,51.36,72.0,73.0,25.0,4604.95,3207.0,3234.89,483.0,30.44,45.21,45.34,181.32,182.71,179.33,1717.54,157.72,112.34,421.54,57.88,906.07,675.44,150.93,157.81,151.01,1564.0,767.0,811.0,3142.0,160.0,186.0,22.0,305.0,8.0,664.0,1008.0,1404.0,2171.0,239.0,518.0,1730.0,1740.0,355.0,1165.0,1679.0,469.0,183.0,48.38,58.21,51.13,66.0,62.0,32.0,3131.77,2331.0,2330.25,583.0,23.39,41.06,41.06,140.05,140.28,137.87
UTA,20242025,5on5,80,0.53,0.53,0.53,238190.0,2121.23,180.93,130.63,541.23,71.78,1142.02,837.48,173.35,181.64,174.05,1852.0,1053.0,1187.0,4092.0,153.0,215.0,22.0,389.0,8.0,978.0,1162.0,1699.0,2752.0,258.0,617.0,1852.0,1363.0,325.0,1229.0,2174.0,553.0,178.0,63.69,67.77,49.46,66.0,62.0,25.0,4116.96,2905.0,2924.14,584.0,27.09,42.41,42.44,165.51,166.21,163.3,1858.78,159.23,112.02,475.4,62.73,979.8,745.81,154.28,159.7,154.75,1686.0,849.0,1066.0,3601.0,146.0,171.0,24.0,364.0,4.0,852.0,998.0,1540.0,2389.0,253.0,585.0,1789.0,1781.0,337.0,1057.0,1900.0,481.0,154.0,55.39,59.51,44.34,64.0,52.0,30.0,3599.73,2535.0,2535.38,502.0,23.27,36.9,36.94,145.57,146.1,144.1
CHI,20242025,5on5,80,0.43,0.44,0.44,243771.0,1707.35,141.54,108.61,426.04,56.81,921.16,688.83,136.97,141.37,136.85,1606.0,737.0,922.0,3265.0,148.0,168.0,20.0,318.0,4.0,673.0,1032.0,1458.0,2195.0,236.0,542.0,1529.0,1428.0,352.0,1036.0,1785.0,412.0,146.0,48.82,51.32,41.41,73.0,53.0,22.0,3227.59,2343.0,2325.49,515.0,22.42,32.55,32.55,131.42,131.32,129.62,2184.14,186.81,143.77,543.99,73.76,1194.33,874.34,179.46,189.12,181.66,2011.0,1006.0,1131.0,4148.0,204.0,235.0,25.0,399.0,5.0,919.0,1255.0,1807.0,2813.0,199.0,456.0,1891.0,1606.0,335.0,1027.0,2287.0,534.0,196.0,66.4,67.93,52.48,98.0,77.0,29.0,4200.29,3017.0,3053.49,469.0,29.79,45.17,45.17,171.43,173.23,170.0
CBJ,20242025,5on5,80,0.48,0.48,0.49,244762.0,2019.58,171.59,127.01,516.32,69.13,1067.17,810.77,162.29,171.76,162.5,1856.0,906.0,1121.0,3883.0,193.0,235.0,27.0,426.0,6.0,828.0,1074.0,1663.0,2569.0,238.0,561.0,1740.0,1567.0,334.0,1100.0,2106.0,460.0,196.0,56.22,57.2,58.18,81.0,83.0,29.0,3883.13,2762.0,2763.45,528.0,26.36,51.78,51.78,146.18,146.27,143.25,2102.69,183.87,135.36,528.63,71.28,1137.13,834.73,176.33,184.99,177.33,1887.0,1004.0,1233.0,4124.0,178.0,245.0,24.0,358.0,7.0,910.0,1193.0,1709.0,2713.0,210.0,514.0,1924.0,1499.0,329.0,1101.0,2173.0,530.0,188.0,61.91,66.88,55.08,86.0,66.0,26.0,4143.93,2891.0,2910.36,520.0,28.05,51.28,51.35,160.58,161.51,158.64
NJD,20242025,5on5,80,0.51,0.51,0.5,238704.0,1950.39,168.22,125.36,494.32,66.32,1041.19,767.59,161.79,169.74,163.2,1712.0,951.0,1185.0,3848.0,146.0,210.0,22.0,382.0,2.0,816.0,1107.0,1566.0,2517.0,245.0,557.0,1730.0,1757.0,285.0,1088.0,2002.0,477.0,184.0,56.96,59.73,51.53,72.0,45.0,29.0,3883.56,2663.0,2687.33,546.0,26.07,41.0,41.56,152.74,153.99,151.55,1923.44,158.79,121.78,494.01,65.79,1044.0,776.62,153.14,158.84,153.13,1684.0,977.0,1023.0,3684.0,146.0,189.0,19.0,383.0,5.0,791.0,1147.0,1538.0,2515.0,234.0,531.0,1776.0,1622.0,310.0,1055.0,2028.0,484.0,149.0,56.6,60.74,41.46,66.0,60.0,20.0,3654.99,2661.0,2643.64,499.0,25.27,37.07,36.67,147.38,146.87,144.7
TBL,20242025,5on5,80,0.51,0.5,0.5,241251.0,1974.12,171.41,129.19,490.32,65.86,1068.95,791.25,164.76,173.9,167.14,1778.0,939.0,1091.0,3808.0,183.0,183.0,24.0,423.0,4.0,868.0,1056.0,1595.0,2534.0,224.0,514.0,1869.0,1342.0,303.0,1041.0,2033.0,515.0,169.0,59.9,64.56,46.96,82.0,76.0,25.0,3890.55,2717.0,2760.05,470.0,26.88,37.76,37.89,160.41,162.63,159.83,1970.66,164.13,125.44,503.98,66.65,1059.09,784.72,156.59,162.25,154.88,1841.0,863.0,1058.0,3762.0,140.0,193.0,12.0,434.0,7.0,792.0,1138.0,1701.0,2564.0,241.0,547.0,1866.0,1841.0,335.0,1043.0,2054.0,490.0,160.0,59.03,59.26,45.84,74.0,50.0,16.0,3690.18,2704.0,2671.31,508.0,26.05,39.05,39.09,151.08,149.68,147.16
BOS,20242025,5on5,81,0.48,0.48,0.47,240744.0,1828.84,153.13,114.89,458.95,61.33,978.8,733.89,147.02,153.64,147.43,1639.0,862.0,1072.0,3573.0,150.0,171.0,16.0,355.0,5.0,742.0,1078.0,1489.0,2351.0,271.0,643.0,1845.0,2025.0,369.0,1174.0,1900.0,438.0,163.0,50.89,54.92,47.32,58.0,72.0,20.0,3556.35,2501.0,2499.39,595.0,23.82,36.89,37.17,139.78,140.08,138.03,1996.53,162.73,124.55,513.16,68.0,1093.27,807.29,156.99,164.39,158.53,1796.0,973.0,1127.0,3896.0,163.0,191.0,18.0,429.0,6.0,875.0,1105.0,1633.0,2606.0,272.0,635.0,1733.0,1681.0,372.0,1167.0,2142.0,477.0,150.0,59.52,60.42,42.79,85.0,58.0,20.0,3934.39,2769.0,2797.45,529.0,25.8,39.04,39.05,149.48,150.63,148.32
DAL,20242025,5on5,80,0.5,0.5,0.48,235936.0,1929.92,172.26,121.66,494.28,66.38,1023.6,757.83,166.4,173.76,167.86,1754.0,882.0,1153.0,3789.0,178.0,214.0,24.0,360.0,6.0,833.0,1045.0,1576.0,2458.0,208.0,448.0,1960.0,1134.0,313.0,1173.0,1917.0,561.0,158.0,58.09,71.35,42.83,74.0,73.0,31.0,3836.69,2636.0,2666.13,563.0,25.28,38.17,38.75,158.79,160.21,157.69,2050.43,172.61,126.81,524.6,68.74,1091.07,819.18,166.28,171.52,165.25,1841.0,962.0,1049.0,3852.0,148.0,194.0,25.0,425.0,8.0,860.0,1168.0,1693.0,2655.0,232.0,511.0,1744.0,1933.0,362.0,1095.0,2124.0,496.0,183.0,61.33,59.47,51.82,57.0,57.0,34.0,3804.07,2803.0,2773.28,494.0,26.3,38.93,39.16,159.76,158.61,156.18
BUF,20242025,5on5,80,0.47,0.5,0.49,233776.0,1920.9,153.57,124.05,489.37,64.23,1054.1,772.68,148.12,154.14,148.66,1697.0,961.0,1059.0,3717.0,182.0,180.0,21.0,373.0,6.0,789.0,1128.0,1515.0,2476.0,270.0,618.0,1725.0,1565.0,315.0,1039.0,2077.0,437.0,144.0,59.04,54.43,40.1,100.0,60.0,22.0,3717.34,2658.0,2660.24,506.0,25.64,37.35,36.94,142.28,142.7,140.51,1982.74,172.03,127.84,503.81,66.55,1069.48,789.28,165.48,171.76,165.24,1774.0,955.0,1037.0,3766.0,179.0,223.0,36.0,372.0,9.0,879.0,1067.0,1595.0,2550.0,262.0,597.0,1859.0,1654.0,358.0,1043.0,2032.0,517.0,180.0,57.89,65.38,48.76,74.0,70.0,35.0,3754.39,2729.0,2728.12,486.0,26.56,44.0,44.36,154.23,154.1,151.68
NYR,20242025,5on5,80,0.48,0.49,0.49,237341.0,2006.81,167.67,127.04,509.59,67.1,1079.76,804.84,161.01,169.31,162.48,1790.0,966.0,1047.0,3803.0,173.0,202.0,27.0,379.0,7.0,838.0,1157.0,1617.0,2583.0,248.0,556.0,1843.0,1909.0,322.0,1057.0,2101.0,489.0,166.0,58.21,61.73,47.73,88.0,60.0,25.0,3827.61,2756.0,2776.56,528.0,26.39,40.87,40.88,153.17,154.54,151.81,2099.08,179.62,134.32,526.36,70.0,1119.19,832.49,172.69,180.07,173.17,1910.0,952.0,1096.0,3958.0,170.0,213.0,23.0,346.0,4.0,846.0,1283.0,1740.0,2692.0,229.0,511.0,1620.0,1486.0,326.0,1135.0,2134.0,534.0,194.0,60.2,65.87,53.56,74.0,73.0,23.0,3961.28,2862.0,2864.49,518.0,27.88,43.42,43.7,163.81,164.2,161.77
