season,division,conference,teamId_x,teamName,teamAbbrev,teamLogo,clinchIndicator,conferenceAbbrev,conferenceHomeSequence,conferenceL10Sequence,conferenceRoadSequence,conferenceSequence,date,divisionAbbrev,divisionHomeSequence,divisionL10Sequence,divisionRoadSequence,divisionSequence,gameTypeId,gamesPlayed,goalDifferential,goalDifferentialPctg,goalAgainst,goalFor,goalsForPctg,homeGamesPlayed,homeGoalDifferential,homeGoalsAgainst,homeGoalsFor,homeLosses,homeOtLosses,homePoints,homeRegulationPlusOtWins,homeRegulationWins,homeTies,homeWins,l10GamesPlayed,l10GoalDifferential,l10GoalsAgainst,l10GoalsFor,l10Losses,l10OtLosses,l10Points,l10RegulationPlusOtWins,l10RegulationWins,l10Ties,l10Wins,leagueHomeSequence,leagueL10Sequence,leagueRoadSequence,leagueSequence,losses,otLosses,placeName_default,pointPctg,points,regulationPlusOtWinPctg,regulationPlusOtWins,regulationWinPctg,regulationWins,roadGamesPlayed,roadGoalDifferential,roadGoalsAgainst,roadGoalsFor,roadLosses,roadOtLosses,roadPoints,roadRegulationPlusOtWins,roadRegulationWins,roadTies,roadWins,seasonId,shootoutLosses,shootoutWins,streakCode,streakCount,teamCommonName_default,ties_x,waiversSequence,wildcardSequence,winPctg,wins,placeName_fr,teamCommonName_fr,FO%,GP,GA,goalsAgainstPerGame,GF,goalsForPerGame,L,OTL,penaltyKillNetPct,PK%,PTS%,PTS,powerPlayNetPct,PP%,regulationAndOtWins,shotsAgainstPerGame,shotsForPerGame,teamId_y,ties_y,W,winsInRegulation,winsInShootout,team,situation,games_played,xGoalsPercentage,corsiPercentage,fenwickPercentage,iceTime,xOnGoalFor,xGoalsFor,xReboundsFor,xFreezeFor,xPlayStoppedFor,xPlayContinuedInZoneFor,xPlayContinuedOutsideZoneFor,flurryAdjustedxGoalsFor,scoreVenueAdjustedxGoalsFor,flurryScoreVenueAdjustedxGoalsFor,shotsOnGoalFor,missedShotsFor,blockedShotAttemptsFor,shotAttemptsFor,goalsFor,reboundsFor,reboundGoalsFor,freezeFor,playStoppedFor,playContinuedInZoneFor,playContinuedOutsideZoneFor,savedShotsOnGoalFor,savedUnblockedShotAttemptsFor,penaltiesFor,penalityMinutesFor,faceOffsWonFor,hitsFor,takeawaysFor,giveawaysFor,lowDangerShotsFor,mediumDangerShotsFor,highDangerShotsFor,lowDangerxGoalsFor,mediumDangerxGoalsFor,highDangerxGoalsFor,lowDangerGoalsFor,mediumDangerGoalsFor,highDangerGoalsFor,scoreAdjustedShotsAttemptsFor,unblockedShotAttemptsFor,scoreAdjustedUnblockedShotAttemptsFor,dZoneGiveawaysFor,xGoalsFromxReboundsOfShotsFor,xGoalsFromActualReboundsOfShotsFor,reboundxGoalsFor,totalShotCreditFor,scoreAdjustedTotalShotCreditFor,scoreFlurryAdjustedTotalShotCreditFor,xOnGoalAgainst,xGoalsAgainst,xReboundsAgainst,xFreezeAgainst,xPlayStoppedAgainst,xPlayContinuedInZoneAgainst,xPlayContinuedOutsideZoneAgainst,flurryAdjustedxGoalsAgainst,scoreVenueAdjustedxGoalsAgainst,flurryScoreVenueAdjustedxGoalsAgainst,shotsOnGoalAgainst,missedShotsAgainst,blockedShotAttemptsAgainst,shotAttemptsAgainst,goalsAgainst,reboundsAgainst,reboundGoalsAgainst,freezeAgainst,playStoppedAgainst,playContinuedInZoneAgainst,playContinuedOutsideZoneAgainst,savedShotsOnGoalAgainst,savedUnblockedShotAttemptsAgainst,penaltiesAgainst,penalityMinutesAgainst,faceOffsWonAgainst,hitsAgainst,takeawaysAgainst,giveawaysAgainst,lowDangerShotsAgainst,mediumDangerShotsAgainst,highDangerShotsAgainst,lowDangerxGoalsAgainst,mediumDangerxGoalsAgainst,highDangerxGoalsAgainst,lowDangerGoalsAgainst,mediumDangerGoalsAgainst,highDangerGoalsAgainst,scoreAdjustedShotsAttemptsAgainst,unblockedShotAttemptsAgainst,scoreAdjustedUnblockedShotAttemptsAgainst,dZoneGiveawaysAgainst,xGoalsFromxReboundsOfShotsAgainst,xGoalsFromActualReboundsOfShotsAgainst,reboundxGoalsAgainst,totalShotCreditAgainst,scoreAdjustedTotalShotCreditAgainst,scoreFlurryAdjustedTotalShotCreditAgainst,goalDiff/G,homeRegulationWin%,roadRegulationWin%,adjGoalsSavedAboveX/60,adjGoalsScoredAboveX/60,hitsPctg,takeawaysPctg,giveawaysPctg,dZoneGiveawaysPctg,possAdjHitsPctg,possAdjTakeawaysPctg,possAdjGiveawaysPctg,possAdjdZoneGiveawaysPctg,possTypeAdjGiveawaysPctg,reboundxGoalsPctg,PP%_rel,PK%_rel,special_teams_composite,weighted_playoff_wins,weighted_playoff_rounds,playoff_performance_score
20242025,Central,Western,0,Winnipeg Jets,WPG,https://assets.nhle.com/logos/nhl/svg/WPG_light.svg,p,W,2,6,1,1,2025-04-17,C,1,3,1,1,2,82,86,1.04878,191,277,3.378049,41,58,81,139,7,4,64,30,25,0,30,10,9,19,28,3,0,14,6,5,0,7,2,9,3,1,22,4,Winnipeg,0.707317,116,0.658537,54,0.52439,43,41,28,110,138,15,0,52,24,18,0,26,20242025,1,2,W,1,Jets,0,32,0,0.682927,56,,,0.493,82,190,2.31707,275,3.35365,22,4,0.8140000000000001,0.794,0.7070000000000001,116,0.271,0.289,54,27.18292,28.21951,52,,56,43,2,WPG,5on5,81,0.53,0.5,0.51,246311.0,2046.65,173.88,130.14,520.56,69.27,1106.37,831.78,166.73,177.0,169.72,1818.0,1014.0,1059.0,3891.0,169.0,219.0,28.0,436.0,5.0,876.0,1127.0,1649.0,2663.0,210.0,469.0,1753.0,1606.0,361.0,1019.0,2120.0,526.0,186.0,56.96,64.51,52.41,71.0,67.0,31.0,3969.6,2832.0,2882.54,493.0,27.07,44.17,44.23,156.7,159.53,156.45,1980.03,154.71,125.74,514.48,68.01,1093.01,806.07,149.16,153.62,148.05,1765.0,997.0,1120.0,3882.0,118.0,187.0,19.0,427.0,5.0,959.0,1066.0,1647.0,2644.0,218.0,475.0,1788.0,1867.0,352.0,1083.0,2177.0,445.0,140.0,60.21,55.8,38.7,61.0,35.0,22.0,3816.81,2762.0,2730.54,522.0,26.01,35.8,35.8,144.93,143.74,141.36,1.048780487804878,0.3048780487804878,0.21951219512195122,0.0073200141284798514,-0.0001753880257073372,0.46242441693060754,0.5063113604488079,0.48477640342530925,0.4857142857142857,0.46242441693060754,0.5063113604488079,0.48477640342530925,0.4857142857142857,0.4854016582846269,0.5526677495939022,0.07290624999999998,0.01171875,0.08462499999999998,1.0,0.0,0.1875
20242025,Metropolitan,Eastern,0,Washington Capitals,WSH,https://assets.nhle.com/logos/nhl/svg/WSH_secondary_light.svg,z,E,3,13,1,1,2025-04-17,M,2,7,1,1,2,81,59,0.728395,227,286,3.530864,41,34,119,153,9,6,58,24,22,0,26,10,-16,43,27,6,0,8,3,3,0,4,7,25,1,2,21,9,Washington,0.685185,111,0.604938,49,0.530864,43,40,25,108,133,12,3,53,25,21,0,25,20242025,3,2,W,1,Capitals,0,31,0,0.62963,51,,,0.502,81,224,2.76543,284,3.50617,21,9,0.857,0.823,0.685,111,0.205,0.233,49,27.04938,27.71604,15,,51,43,2,WSH,5on5,80,0.52,0.51,0.51,238929.0,1988.55,179.4,124.8,505.52,67.79,1070.37,803.1,172.22,180.87,173.69,1743.0,1008.0,1104.0,3855.0,188.0,193.0,27.0,375.0,0.0,815.0,1180.0,1555.0,2563.0,256.0,578.0,1749.0,1428.0,302.0,1054.0,2040.0,524.0,187.0,59.02,66.92,53.47,84.0,63.0,41.0,3895.55,2751.0,2779.16,502.0,25.94,41.0,41.0,164.34,165.87,162.99,1901.29,166.59,119.43,476.59,64.43,1009.58,760.36,159.6,166.71,159.76,1664.0,933.0,1154.0,3751.0,156.0,186.0,18.0,353.0,5.0,815.0,1082.0,1508.0,2441.0,241.0,549.0,1700.0,1496.0,298.0,1030.0,1935.0,480.0,182.0,54.44,60.9,51.26,65.0,59.0,32.0,3732.57,2597.0,2591.76,505.0,24.75,39.81,39.69,151.66,151.94,149.46,0.7283950617283951,0.2716049382716049,0.25925925925925924,0.0009442135529801717,0.003593536155092099,0.4883720930232558,0.5033333333333333,0.5057581573896354,0.4985104270109235,0.4983388704318937,0.5136054421768708,0.4958413307741523,0.48873571275580735,0.49110425209525566,0.5081174866774074,0.01690625000000001,0.040718749999999915,0.057624999999999926,0.0,0.0,0.0
20242025,Pacific,Western,0,Vegas Golden Knights,VGK,https://assets.nhle.com/logos/nhl/svg/VGK_light.svg,y,W,3,7,3,2,2025-04-17,P,2,4,1,1,2,82,56,0.682927,219,275,3.353659,41,47,100,147,9,3,61,29,28,0,29,10,3,25,28,2,2,14,6,5,0,6,5,11,5,3,22,10,Vegas,0.670732,110,0.597561,49,0.560976,46,41,9,119,128,13,7,49,20,18,0,21,20242025,5,1,W,1,Golden Knights,0,30,0,0.609756,50,,,0.504,82,214,2.60975,274,3.34146,22,10,0.7929999999999999,0.757,0.6709999999999999,110,0.267,0.28300000000000003,49,26.10975,30.26829,54,,50,46,1,VGK,5on5,80,0.53,0.51,0.52,249953.0,2154.84,187.51,137.69,538.1,71.92,1151.15,865.62,180.02,189.62,182.06,1983.0,969.0,1133.0,4085.0,177.0,232.0,28.0,448.0,8.0,954.0,1133.0,1806.0,2775.0,173.0,393.0,1869.0,1391.0,352.0,1164.0,2212.0,532.0,208.0,65.41,66.01,56.09,77.0,72.0,28.0,4140.67,2952.0,2986.46,547.0,28.65,47.76,47.76,168.41,170.33,167.37,2003.21,168.09,126.5,510.94,68.3,1077.45,803.73,160.66,168.02,160.58,1740.0,1015.0,1140.0,3895.0,152.0,216.0,26.0,386.0,2.0,929.0,1070.0,1588.0,2603.0,192.0,431.0,1855.0,1802.0,332.0,1126.0,2111.0,463.0,181.0,59.59,57.96,50.54,69.0,49.0,34.0,3868.67,2755.0,2745.61,534.0,26.24,42.26,42.45,151.88,151.81,149.04,0.6829268292682927,0.34146341463414637,0.21951219512195122,0.0020595872023940528,-0.0012146283501298248,0.43564046351393676,0.5146198830409356,0.508296943231441,0.5060129509713228,0.4445310852183028,0.5251223296336078,0.4983303365014128,0.49609112840325764,0.4968375311026427,0.5294313269038908,0.06690625000000003,-0.025281250000000033,0.041624999999999995,8.2,1.6,3.5374999999999996
20242025,Atlantic,Eastern,0,Toronto Maple Leafs,TOR,https://assets.nhle.com/logos/nhl/svg/TOR_light.svg,y,E,7,1,2,2,2025-04-17,A,4,1,1,1,2,81,36,0.444444,228,264,3.259259,40,24,101,125,13,1,53,26,22,0,26,10,15,18,33,1,1,17,8,6,0,8,12,1,2,4,26,4,Toronto,0.654321,106,0.617284,50,0.506173,41,41,12,127,139,13,3,53,24,19,0,25,20242025,2,1,W,4,Maple Leafs,0,29,0,0.62963,51,,,0.536,81,226,2.79012,263,3.24691,26,4,0.807,0.7809999999999999,0.654,106,0.218,0.25,50,29.2716,28.11111,10,,51,40,1,TOR,5on5,80,0.5,0.47,0.48,237425.0,1900.62,156.8,121.26,477.97,63.17,1025.15,756.66,151.19,158.2,152.55,1748.0,853.0,1000.0,3601.0,164.0,175.0,15.0,364.0,5.0,764.0,1129.0,1584.0,2437.0,255.0,571.0,1837.0,1850.0,315.0,1052.0,1986.0,462.0,153.0,55.09,58.4,43.3,65.0,76.0,23.0,3625.74,2601.0,2620.02,525.0,25.14,34.21,35.02,146.92,148.0,145.82,2014.5,157.38,126.45,523.93,68.53,1106.59,821.12,151.83,157.34,151.8,1790.0,1014.0,1203.0,4007.0,134.0,217.0,21.0,395.0,2.0,891.0,1165.0,1656.0,2670.0,227.0,526.0,1573.0,1606.0,316.0,1019.0,2211.0,436.0,157.0,58.32,54.79,44.27,67.0,49.0,18.0,3980.23,2804.0,2800.36,476.0,26.14,38.57,39.05,144.48,144.45,142.43,0.4444444444444444,0.2716049382716049,0.2345679012345679,0.004498262609245028,0.0028935453301042404,0.5353009259259259,0.49920760697305866,0.5079671656204732,0.5244755244755245,0.5050008735150244,0.470950572616093,0.5403906017239076,0.5579526856122601,0.552098657649476,0.472796003780208,0.03390625,-0.0012812500000001226,0.032624999999999876,3.8,0.4,1.2125
20242025,Central,Western,0,Dallas Stars,DAL,https://assets.nhle.com/logos/nhl/svg/DAL_light.svg,x,W,4,13,7,3,2025-04-17,C,2,7,4,2,2,82,53,0.646341,224,277,3.378049,41,38,103,141,10,3,59,27,22,0,28,10,-6,37,31,5,2,8,3,3,0,3,6,26,10,5,26,6,Dallas,0.646341,106,0.585366,48,0.5,41,41,15,121,136,16,3,47,21,19,0,22,20242025,2,2,L,4,Stars,0,27,0,0.609756,50,,,0.521,82,222,2.70731,275,3.35365,26,6,0.855,0.82,0.6459999999999999,106,0.204,0.22,48,29.04878,28.35365,25,,50,41,2,DAL,5on5,80,0.5,0.5,0.48,235936.0,1929.92,172.26,121.66,494.28,66.38,1023.6,757.83,166.4,173.76,167.86,1754.0,882.0,1153.0,3789.0,178.0,214.0,24.0,360.0,6.0,833.0,1045.0,1576.0,2458.0,208.0,448.0,1960.0,1134.0,313.0,1173.0,1917.0,561.0,158.0,58.09,71.35,42.83,74.0,73.0,31.0,3836.69,2636.0,2666.13,563.0,25.28,38.17,38.75,158.79,160.21,157.69,2050.43,172.61,126.81,524.6,68.74,1091.07,819.18,166.28,171.52,165.25,1841.0,962.0,1049.0,3852.0,148.0,194.0,25.0,425.0,8.0,860.0,1168.0,1693.0,2655.0,232.0,511.0,1744.0,1933.0,362.0,1095.0,2124.0,496.0,183.0,61.33,59.47,51.82,57.0,57.0,34.0,3804.07,2803.0,2773.28,494.0,26.3,38.93,39.16,159.76,158.61,156.18,0.6463414634146342,0.2682926829268293,0.23170731707317074,0.004386782856367829,0.0025786654007866508,0.36974241930224977,0.46370370370370373,0.5171957671957672,0.532639545884579,0.36974241930224977,0.46370370370370373,0.5171957671957672,0.532639545884579,0.527491619654975,0.49736875882428444,0.00390625,0.03771874999999991,0.04162499999999991,10.0,2.0,4.375
20242025,Pacific,Western,0,Los Angeles Kings,LAK,https://assets.nhle.com/logos/nhl/svg/LAK_light.svg,x,W,1,1,11,4,2025-04-17,P,1,1,5,2,2,81,48,0.592593,201,249,3.074074,40,63,79,142,5,4,66,30,27,0,31,10,24,19,43,2,0,16,8,8,0,8,1,2,19,6,24,9,Los Angeles,0.648148,105,0.580247,47,0.530864,43,41,-15,122,107,19,5,39,17,16,0,17,20242025,3,1,W,4,Kings,0,28,0,0.592593,48,,,0.507,81,198,2.44444,248,3.06172,24,9,0.83,0.813,0.648,105,0.147,0.17600000000000002,47,25.45679,28.04938,26,,48,43,1,LAK,5on5,79,0.55,0.53,0.54,236142.0,2073.71,171.76,132.47,527.87,70.31,1120.34,835.24,165.05,173.79,166.99,1799.0,1059.0,1165.0,4023.0,170.0,218.0,31.0,396.0,8.0,920.0,1146.0,1629.0,2688.0,238.0,540.0,1753.0,1581.0,292.0,988.0,2198.0,485.0,175.0,60.4,60.77,50.59,83.0,53.0,34.0,4079.55,2858.0,2896.05,457.0,27.47,46.33,46.82,152.42,154.21,151.92,1778.12,138.98,111.91,452.23,59.99,960.82,724.14,134.67,138.77,134.45,1574.0,875.0,1071.0,3520.0,119.0,163.0,21.0,312.0,6.0,762.0,1087.0,1455.0,2330.0,209.0,469.0,1740.0,1680.0,309.0,996.0,1900.0,430.0,119.0,50.66,53.69,34.63,58.0,42.0,19.0,3486.28,2449.0,2431.25,440.0,23.2,31.03,31.29,130.83,130.38,128.74,0.5925925925925926,0.3333333333333333,0.19753086419753085,0.00392560408567726,0.000764794064588254,0.48482060717571296,0.4858569051580699,0.49798387096774194,0.5094760312151616,0.5157666033784181,0.5168690480404999,0.4697961046865489,0.4806377652973222,0.47702387842706445,0.5994110869286903,-0.040093749999999984,0.030718749999999906,-0.009375000000000078,1.4,0.0,0.26249999999999996
20242025,Atlantic,Eastern,0,Tampa Bay Lightning,TBL,https://assets.nhle.com/logos/nhl/svg/TBL_light.svg,x,E,2,3,6,3,2025-04-17,A,1,3,3,2,2,81,79,0.975309,215,294,3.62963,41,68,93,161,8,4,62,28,27,0,29,10,20,23,43,1,3,15,6,6,0,6,4,4,16,7,26,8,Tampa Bay,0.62963,102,0.555556,45,0.506173,41,40,11,122,133,18,4,40,17,14,0,18,20242025,3,2,W,2,Lightning,0,26,0,0.580247,47,,,0.501,81,212,2.61728,292,3.60493,26,8,0.868,0.815,0.63,102,0.21,0.262,45,28.25925,28.5679,14,,47,41,2,TBL,5on5,80,0.51,0.5,0.5,241251.0,1974.12,171.41,129.19,490.32,65.86,1068.95,791.25,164.76,173.9,167.14,1778.0,939.0,1091.0,3808.0,183.0,183.0,24.0,423.0,4.0,868.0,1056.0,1595.0,2534.0,224.0,514.0,1869.0,1342.0,303.0,1041.0,2033.0,515.0,169.0,59.9,64.56,46.96,82.0,76.0,25.0,3890.55,2717.0,2760.05,470.0,26.88,37.76,37.89,160.41,162.63,159.83,1970.66,164.13,125.44,503.98,66.65,1059.09,784.72,156.59,162.25,154.88,1841.0,863.0,1058.0,3762.0,140.0,193.0,12.0,434.0,7.0,792.0,1138.0,1701.0,2564.0,241.0,547.0,1866.0,1841.0,335.0,1043.0,2054.0,490.0,160.0,59.03,59.26,45.84,74.0,50.0,16.0,3690.18,2704.0,2671.31,508.0,26.05,39.05,39.09,151.08,149.68,147.16,0.9753086419753086,0.3333333333333333,0.1728395061728395,0.0037007100488702623,0.0039444396085404855,0.4216148287778825,0.47492163009404387,0.4995201535508637,0.48057259713701433,0.4216148287778825,0.47492163009404387,0.4995201535508637,0.48057259713701433,0.4868884492749641,0.4922057677318784,0.04590625000000001,0.03271874999999991,0.07862499999999992,1.4,0.0,0.26249999999999996
20242025,Central,Western,0,Colorado Avalanche,COL,https://assets.nhle.com/logos/nhl/svg/COL_light.svg,x,W,5,9,6,5,2025-04-17,C,3,5,3,3,2,82,43,0.52439,234,277,3.378049,41,30,115,145,12,3,55,24,19,0,26,10,5,28,33,4,1,11,3,3,0,5,11,17,9,8,29,4,Colorado,0.621951,102,0.54878,45,0.487805,40,41,13,119,132,17,1,47,21,21,0,23,20242025,3,4,W,1,Avalanche,0,25,0,0.597561,49,,,0.47100000000000003,82,231,2.81707,273,3.32926,29,4,0.8220000000000001,0.7979999999999999,0.622,102,0.218,0.248,45,25.92682,29.89024,21,,49,40,4,COL,5on5,82,0.53,0.54,0.54,244320.0,2117.0,170.91,132.32,546.32,71.62,1164.71,854.12,165.62,172.02,166.69,1925.0,1015.0,1302.0,4242.0,165.0,193.0,24.0,396.0,5.0,951.0,1230.0,1760.0,2775.0,208.0,453.0,1755.0,1468.0,362.0,1092.0,2275.0,509.0,156.0,65.12,62.65,43.14,81.0,57.0,27.0,4264.06,2940.0,2951.7,464.0,27.37,38.75,38.81,159.48,160.56,158.17,1831.97,151.44,115.95,470.96,61.42,983.11,728.12,145.95,151.5,146.01,1666.0,845.0,1085.0,3596.0,155.0,189.0,29.0,394.0,2.0,743.0,1028.0,1511.0,2356.0,236.0,503.0,1984.0,1556.0,326.0,1125.0,1900.0,467.0,144.0,50.6,59.39,41.45,66.0,56.0,33.0,3588.36,2511.0,2510.6,527.0,24.0,38.64,38.35,137.1,137.28,135.49,0.524390243902439,0.23170731707317074,0.25609756097560976,-0.002207760314341849,-0.00041502946954813304,0.48544973544973546,0.5261627906976745,0.4925575101488498,0.4682139253279516,0.5276627559236255,0.5719160768452984,0.45607176865634236,0.43353141234069587,0.4410448644459114,0.5029808190772421,0.03190625,0.015718749999999893,0.04762499999999989,4.8,0.6,1.65
20242025,Pacific,Western,0,Edmonton Oilers,EDM,https://assets.nhle.com/logos/nhl/svg/EDM_light.svg,x,W,6,4,4,6,2025-04-17,P,3,3,2,3,2,82,23,0.280488,236,259,3.158537,41,13,121,134,13,3,53,25,18,0,25,10,3,23,26,3,0,14,7,6,0,7,13,7,7,9,29,5,Edmonton,0.615854,101,0.585366,48,0.439024,36,41,10,115,125,16,2,48,23,18,0,23,20242025,1,0,W,1,Oilers,0,24,0,0.585366,48,,,0.509,82,235,2.86585,259,3.15853,29,5,0.8059999999999999,0.782,0.616,101,0.21899999999999997,0.237,48,26.96341,31.9756,22,,48,36,0,EDM,5on5,80,0.55,0.54,0.55,241745.0,2206.44,186.71,139.88,549.91,73.18,1176.82,893.5,179.35,187.61,180.18,2078.0,942.0,1173.0,4193.0,166.0,225.0,22.0,451.0,8.0,938.0,1232.0,1912.0,2854.0,211.0,470.0,1770.0,1128.0,387.0,1066.0,2286.0,561.0,173.0,66.91,70.25,49.55,74.0,69.0,23.0,4215.14,3020.0,3038.4,459.0,28.95,45.74,46.09,169.57,170.44,167.69,1842.52,155.2,113.7,468.22,62.12,985.64,735.11,149.52,155.63,149.9,1729.0,791.0,1006.0,3526.0,168.0,185.0,30.0,366.0,4.0,754.0,1043.0,1561.0,2352.0,227.0,505.0,1704.0,1553.0,324.0,1102.0,1916.0,442.0,162.0,54.53,54.68,46.0,77.0,64.0,27.0,3517.64,2520.0,2519.66,535.0,23.54,40.08,40.11,138.64,138.47,136.3,0.2804878048780488,0.21951219512195122,0.21951219512195122,-0.004492336966638398,-0.003519410949554284,0.4207385303991048,0.5443037974683544,0.49169741697416974,0.46177062374245476,0.45732448956424443,0.5916345624656028,0.45527538608719414,0.4275653923541247,0.4368020569318145,0.5346867749419953,0.020906249999999987,-0.00028125000000001066,0.020624999999999977,11.4,2.1999999999999997,4.887499999999999
20242025,Metropolitan,Eastern,0,Carolina Hurricanes,CAR,https://assets.nhle.com/logos/nhl/svg/CAR_light.svg,x,E,1,11,11,4,2025-04-17,M,1,5,5,2,2,81,35,0.432099,226,261,3.222222,41,54,101,155,9,1,63,31,29,0,31,10,-2,35,33,5,1,9,4,4,0,4,3,23,22,10,29,5,Carolina,0.611111,99,0.580247,47,0.518519,42,40,-19,125,106,20,4,36,16,13,0,16,20242025,3,0,L,2,Hurricanes,0,23,0,0.580247,47,Caroline,,0.527,81,223,2.75308,261,3.22222,29,5,0.885,0.843,0.611,99,0.165,0.185,47,24.8395,31.66666,12,,47,42,0,CAR,5on5,80,0.55,0.59,0.58,234049.0,2332.34,196.22,146.25,602.83,79.2,1256.75,925.75,188.99,197.73,190.46,1971.0,1236.0,1354.0,4561.0,170.0,255.0,20.0,429.0,8.0,1085.0,1260.0,1801.0,3037.0,225.0,480.0,1976.0,1278.0,385.0,1129.0,2399.0,621.0,187.0,67.32,77.55,51.36,72.0,73.0,25.0,4604.95,3207.0,3234.89,483.0,30.44,45.21,45.34,181.32,182.71,179.33,1717.54,157.72,112.34,421.54,57.88,906.07,675.44,150.93,157.81,151.01,1564.0,767.0,811.0,3142.0,160.0,186.0,22.0,305.0,8.0,664.0,1008.0,1404.0,2171.0,239.0,518.0,1730.0,1740.0,355.0,1165.0,1679.0,469.0,183.0,48.38,58.21,51.13,66.0,62.0,32.0,3131.77,2331.0,2330.25,583.0,23.39,41.06,41.06,140.05,140.28,137.87,0.43209876543209874,0.35802469135802467,0.16049382716049382,-0.002304645608398244,-0.005245055522561517,0.4234592445328032,0.5202702702702703,0.492153443766347,0.4530956848030019,0.5164137128448819,0.6344759393539882,0.4170791896324975,0.38397939390084906,0.39501265914473194,0.5247685185185186,-0.031093750000000003,0.06071874999999993,0.02962499999999993,6.8,1.4,3.025
20242025,Atlantic,Eastern,0,Florida Panthers,FLA,https://assets.nhle.com/logos/nhl/svg/FLA_light.svg,x,E,4,16,5,5,2025-04-17,A,2,8,2,3,2,82,29,0.353659,223,252,3.073171,41,31,99,130,12,2,56,23,20,0,27,10,-8,29,21,6,1,7,2,2,0,3,8,30,15,11,31,4,Florida,0.597561,98,0.5,41,0.45122,37,41,-2,124,122,19,2,42,18,17,0,20,20242025,0,6,L,2,Panthers,0,22,0,0.573171,47,Floride,,0.494,82,223,2.71951,246,3.0,31,4,0.857,0.807,0.598,98,0.193,0.235,41,26.19512,31.57317,13,,47,37,6,FLA,5on5,80,0.55,0.56,0.55,235349.0,2147.63,175.87,136.19,560.81,73.35,1175.29,854.48,168.22,176.64,168.98,1937.0,1039.0,1189.0,4165.0,150.0,237.0,22.0,479.0,1.0,1061.0,1048.0,1787.0,2826.0,288.0,642.0,1813.0,2225.0,336.0,1014.0,2313.0,478.0,185.0,64.02,59.39,52.45,75.0,52.0,23.0,4206.11,2976.0,2996.21,452.0,28.17,47.01,47.59,156.45,157.33,154.33,1790.44,144.13,112.58,457.64,60.53,969.08,728.06,139.21,143.47,138.62,1611.0,861.0,857.0,3329.0,132.0,165.0,16.0,379.0,3.0,802.0,991.0,1479.0,2340.0,270.0,604.0,1811.0,1666.0,301.0,965.0,1916.0,415.0,141.0,52.82,51.4,39.91,57.0,56.0,19.0,3317.4,2472.0,2462.56,494.0,23.34,33.72,33.72,133.75,133.32,131.19,0.35365853658536583,0.24390243902439024,0.2073170731707317,0.001687706342495614,-0.004838771356581075,0.5718324338216397,0.5274725274725275,0.5123799898938858,0.47780126849894294,0.6498095838882271,0.5994005994005994,0.4574821338338266,0.42660827544548474,0.43689956157493204,0.5852908621325791,0.018906249999999986,0.02471875000000001,0.043625,14.8,3.6,7.275
20242025,Central,Western,0,Minnesota Wild,MIN,https://assets.nhle.com/logos/nhl/svg/MIN_light.svg,x,W,9,8,2,7,2025-04-17,C,5,4,2,4,2,82,-11,-0.134146,239,228,2.780488,41,-13,124,111,17,2,46,21,15,0,22,10,-3,35,32,3,2,12,5,1,0,5,20,14,4,12,30,7,Minnesota,0.591463,97,0.512195,42,0.402439,33,41,2,115,117,13,5,51,21,18,0,23,20242025,3,3,W,2,Wild,0,21,1,0.54878,45,,,0.467,82,236,2.87804,225,2.7439,30,7,0.7440000000000001,0.7240000000000001,0.591,97,0.18899999999999997,0.209,42,29.60975,27.59756,30,,45,33,3,MIN,5on5,81,0.49,0.48,0.48,246098.0,1914.56,151.27,120.99,479.18,64.9,1050.57,794.09,145.43,152.35,146.42,1762.0,899.0,1067.0,3728.0,140.0,189.0,16.0,345.0,6.0,825.0,1156.0,1622.0,2521.0,232.0,544.0,1650.0,1556.0,355.0,1088.0,2063.0,469.0,129.0,56.12,57.69,37.45,68.0,54.0,18.0,3739.93,2661.0,2673.14,533.0,25.04,38.07,38.52,137.81,138.49,136.51,2061.64,155.99,129.77,525.98,69.43,1144.1,835.78,150.48,157.13,151.57,1873.0,989.0,1228.0,4090.0,146.0,175.0,22.0,413.0,5.0,874.0,1249.0,1727.0,2716.0,219.0,516.0,1851.0,1500.0,293.0,1102.0,2268.0,450.0,144.0,61.12,55.17,39.71,63.0,57.0,26.0,4103.43,2862.0,2872.66,494.0,26.72,34.25,34.37,148.29,149.16,146.72,-0.13414634146341464,0.18292682926829268,0.21951219512195122,0.0013579955952506709,-0.001565230111581562,0.5091623036649214,0.5478395061728395,0.4968036529680365,0.5189873417721519,0.4895791381393475,0.5267687559354225,0.5175038051750381,0.5406118143459916,0.5329091446223404,0.5284675538482645,-0.00709375000000001,-0.05828124999999995,-0.06537499999999996,0.8,0.0,0.15000000000000002
20242025,Central,Western,0,St. Louis Blues,STL,https://assets.nhle.com/logos/nhl/svg/STL_light.svg,x,W,8,2,9,8,2025-04-17,C,4,1,6,5,2,82,21,0.256098,233,254,3.097561,41,24,110,134,14,3,51,22,18,0,24,10,11,25,36,2,1,15,7,5,0,7,16,5,12,13,30,8,St. Louis,0.585366,96,0.487805,40,0.390244,32,41,-3,123,120,16,5,45,18,14,0,20,20242025,2,4,W,1,Blues,0,19,2,0.536585,44,,,0.516,82,231,2.81707,250,3.04878,30,8,0.763,0.742,0.585,96,0.195,0.221,40,27.26829,26.65853,19,,44,32,4,STL,5on5,81,0.5,0.49,0.49,248595.0,1854.61,154.82,117.28,464.4,60.57,1005.21,742.79,150.36,156.16,151.64,1756.0,790.0,1091.0,3637.0,172.0,153.0,21.0,385.0,1.0,738.0,1097.0,1584.0,2374.0,231.0,536.0,1820.0,1904.0,326.0,1167.0,1945.0,442.0,159.0,55.64,55.45,43.72,84.0,59.0,29.0,3655.36,2546.0,2555.76,546.0,24.25,32.55,32.8,146.2,147.37,145.53,1936.65,157.21,121.92,492.09,65.44,1053.59,784.74,151.61,157.79,152.14,1773.0,902.0,1185.0,3860.0,147.0,185.0,16.0,438.0,2.0,830.0,1073.0,1626.0,2528.0,227.0,531.0,1750.0,1582.0,344.0,1089.0,2062.0,448.0,165.0,56.63,55.08,45.5,63.0,61.0,23.0,3851.52,2675.0,2684.16,520.0,25.33,35.73,35.73,146.8,147.37,144.99,0.25609756097560976,0.21951219512195122,0.17073170731707318,0.0012405720147227383,0.0049140167742714085,0.5461847389558233,0.48656716417910445,0.5172872340425532,0.5121951219512195,0.535475234270415,0.4770266315481416,0.5278441163699522,0.5226480836236934,0.524380094539113,0.4786225010944112,0.004906250000000001,-0.040281250000000046,-0.035375000000000045,0.0,0.0,0.0
20242025,Atlantic,Eastern,0,Ottawa Senators,OTT,https://assets.nhle.com/logos/nhl/svg/OTT_light.svg,x,E,5,4,7,6,2025-04-17,A,3,4,4,4,2,81,7,0.08642,229,236,2.91358,40,24,108,132,11,3,55,25,20,0,26,10,5,23,28,2,2,14,6,5,0,6,9,10,17,14,30,7,Ottawa,0.58642,95,0.530864,43,0.419753,34,41,-17,121,104,19,4,40,18,14,0,18,20242025,2,1,OT,1,Senators,0,20,1,0.54321,44,,Sénateurs,0.531,81,227,2.80246,235,2.90123,30,7,0.8190000000000001,0.779,0.586,95,0.223,0.235,43,28.55555,29.2716,9,,44,34,1,OTT,5on5,80,0.5,0.5,0.5,231668.0,1917.79,154.15,119.77,493.53,65.26,1042.97,768.32,149.11,155.39,150.32,1772.0,872.0,1074.0,3718.0,135.0,180.0,24.0,379.0,6.0,802.0,1142.0,1637.0,2509.0,261.0,578.0,1810.0,1958.0,326.0,902.0,2045.0,433.0,166.0,55.04,53.88,45.23,58.0,45.0,32.0,3741.77,2644.0,2659.39,456.0,24.81,36.06,36.48,142.48,143.19,141.2,1888.31,156.13,118.96,484.5,64.77,1024.64,765.01,149.66,155.96,149.54,1773.0,841.0,1112.0,3726.0,151.0,205.0,29.0,382.0,6.0,775.0,1095.0,1622.0,2463.0,281.0,630.0,1667.0,1853.0,298.0,1054.0,2020.0,424.0,170.0,56.05,53.69,46.4,63.0,53.0,35.0,3715.34,2614.0,2609.21,523.0,24.68,40.71,41.18,139.63,139.41,136.77,0.08641975308641975,0.24691358024691357,0.1728395061728395,-0.0003781273201305337,-0.003967746948219002,0.5137759118341643,0.5224358974358975,0.4611451942740286,0.46578140960163433,0.5137759118341643,0.5224358974358975,0.4611451942740286,0.46578140960163433,0.4642360044924324,0.4697398918362091,0.018906249999999986,-0.0032812500000000133,0.015624999999999972,0.0,0.0,0.0
20242025,Pacific,Western,0,Calgary Flames,CGY,https://assets.nhle.com/logos/nhl/svg/CGY_light.svg,e,W,7,3,10,9,2025-04-17,P,4,2,4,4,2,81,-17,-0.209877,237,220,2.716049,41,9,113,122,12,6,52,19,18,0,23,10,6,26,32,1,3,15,4,4,0,6,14,6,14,15,27,14,Calgary,0.580247,94,0.432099,35,0.37037,30,40,-26,124,98,15,8,42,16,12,0,17,20242025,2,5,W,3,Flames,0,18,3,0.493827,40,,,0.461,81,235,2.90123,215,2.65432,27,14,0.794,0.762,0.58,94,0.18600000000000003,0.212,35,28.88888,29.44444,20,,40,30,5,CGY,5on5,80,0.49,0.52,0.52,238961.0,2038.61,154.87,125.52,539.68,70.67,1118.51,826.74,149.41,155.23,149.75,1872.0,964.0,1272.0,4108.0,133.0,185.0,20.0,455.0,6.0,872.0,1185.0,1739.0,2703.0,258.0,598.0,1753.0,1749.0,373.0,1103.0,2252.0,425.0,159.0,58.72,53.23,42.92,66.0,39.0,28.0,4085.95,2836.0,2832.22,533.0,25.95,35.35,35.75,145.07,145.17,142.97,1926.65,161.08,120.64,494.02,65.37,1039.49,780.47,155.8,162.55,157.21,1791.0,871.0,1157.0,3819.0,138.0,185.0,21.0,454.0,11.0,810.0,1064.0,1653.0,2524.0,274.0,622.0,2069.0,1527.0,366.0,1165.0,2039.0,478.0,145.0,58.07,60.65,42.36,56.0,63.0,19.0,3848.73,2662.0,2680.55,587.0,25.09,39.36,39.36,146.76,147.87,145.75,-0.20987654320987653,0.2222222222222222,0.14814814814814814,0.004823381221203462,-0.0042057072074522615,0.5338827838827839,0.5047361299052774,0.486331569664903,0.4758928571428571,0.5561278998778999,0.525766801984664,0.4676265092931759,0.45758928571428564,0.4609350269072491,0.4759685794168553,-0.004093750000000007,-0.02028125000000003,-0.024375000000000036,0.0,0.0,0.0
20242025,Metropolitan,Eastern,0,New Jersey Devils,NJD,https://assets.nhle.com/logos/nhl/svg/NJD_light.svg,x,E,13,9,3,7,2025-04-17,M,5,3,2,3,2,82,20,0.243902,222,242,2.95122,41,5,113,118,17,5,43,18,17,0,19,10,-4,32,28,5,0,10,4,3,0,5,24,19,6,16,33,7,New Jersey,0.554878,91,0.487805,40,0.439024,36,41,15,109,124,16,2,48,22,19,0,23,20242025,2,2,L,1,Devils,0,17,0,0.512195,42,,,0.498,82,220,2.68292,240,2.92682,33,7,0.858,0.8270000000000001,0.555,91,0.264,0.282,40,26.35365,28.09756,1,,42,36,2,NJD,5on5,80,0.51,0.51,0.5,238704.0,1950.39,168.22,125.36,494.32,66.32,1041.19,767.59,161.79,169.74,163.2,1712.0,951.0,1185.0,3848.0,146.0,210.0,22.0,382.0,2.0,816.0,1107.0,1566.0,2517.0,245.0,557.0,1730.0,1757.0,285.0,1088.0,2002.0,477.0,184.0,56.96,59.73,51.53,72.0,45.0,29.0,3883.56,2663.0,2687.33,546.0,26.07,41.0,41.56,152.74,153.99,151.55,1923.44,158.79,121.78,494.01,65.79,1044.0,776.62,153.14,158.84,153.13,1684.0,977.0,1023.0,3684.0,146.0,189.0,19.0,383.0,5.0,791.0,1147.0,1538.0,2515.0,234.0,531.0,1776.0,1622.0,310.0,1055.0,2028.0,484.0,149.0,56.6,60.74,41.46,66.0,60.0,20.0,3654.99,2661.0,2643.64,499.0,25.27,37.07,36.67,147.38,146.87,144.7,0.24390243902439024,0.2073170731707317,0.23170731707317074,0.0017921777599034776,-0.004323346068771363,0.5199763243563185,0.4789915966386555,0.5076994867008866,0.522488038277512,0.530588086077876,0.4887669353455668,0.4977445948047908,0.5122431747818745,0.5074103147895133,0.5312539946312157,0.06590624999999997,0.04471875000000003,0.110625,2.0,0.4,0.875
20242025,Atlantic,Eastern,0,Montréal Canadiens,MTL,https://assets.nhle.com/logos/nhl/svg/MTL_light.svg,x,E,8,2,9,8,2025-04-17,A,5,2,5,5,2,82,-20,-0.243902,265,245,2.987805,41,-1,126,125,12,6,52,22,16,0,23,10,8,21,29,1,2,16,7,6,0,7,15,3,20,17,31,11,Montréal,0.554878,91,0.463415,38,0.365854,30,41,-19,139,120,19,5,39,16,14,0,17,20242025,4,2,W,1,Canadiens,0,16,2,0.487805,40,,,0.508,82,261,3.18292,243,2.96341,31,11,0.8440000000000001,0.809,0.555,91,0.175,0.201,38,29.04878,25.56097,8,,40,30,2,MTL,5on5,80,0.47,0.48,0.47,234836.0,1812.6,163.34,115.11,451.83,61.99,982.1,736.64,158.18,162.52,157.37,1629.0,882.0,1103.0,3614.0,153.0,173.0,20.0,346.0,6.0,802.0,1031.0,1476.0,2358.0,268.0,584.0,1748.0,1839.0,317.0,988.0,1835.0,527.0,149.0,56.01,65.31,42.0,78.0,51.0,24.0,3583.35,2511.0,2493.5,444.0,23.85,33.98,34.07,153.12,152.06,149.65,2037.16,183.3,129.02,510.22,68.83,1080.4,806.22,176.21,185.91,178.67,1782.0,996.0,1194.0,3972.0,179.0,219.0,26.0,388.0,3.0,791.0,1198.0,1603.0,2599.0,252.0,552.0,1653.0,1614.0,342.0,987.0,2060.0,517.0,201.0,61.06,65.31,56.93,81.0,72.0,26.0,4014.79,2778.0,2809.91,481.0,26.74,46.23,46.84,163.2,165.27,162.66,-0.24390243902439024,0.1951219512195122,0.17073170731707318,-8.43141596688785e-05,-0.0011165238719787437,0.5325803649000869,0.48103186646433993,0.500253164556962,0.48,0.5120965047116219,0.462530640831096,0.5210970464135021,0.5,0.5070323488045007,0.4210851563465579,-0.015093749999999989,0.026718750000000013,0.011625000000000024,0.0,0.0,0.0
20242025,Pacific,Western,0,Vancouver Canucks,VAN,https://assets.nhle.com/logos/nhl/svg/VAN_light.svg,e,W,13,11,5,10,2025-04-17,P,6,6,3,5,2,82,-17,-0.207317,253,236,2.878049,41,-16,128,112,16,8,42,17,16,0,17,10,-4,34,30,4,2,10,4,2,0,4,27,21,8,18,30,14,Vancouver,0.54878,90,0.426829,35,0.341463,28,41,-1,125,124,14,6,48,18,12,0,21,20242025,2,3,L,1,Canucks,0,15,4,0.463415,38,,,0.489,82,251,3.06097,233,2.84146,30,14,0.8440000000000001,0.826,0.5489999999999999,90,0.19399999999999998,0.225,35,26.80487,25.53658,23,,38,28,3,VAN,5on5,80,0.49,0.49,0.48,238718.0,1772.55,143.97,112.0,446.43,59.58,975.31,728.69,137.76,144.76,138.53,1590.0,876.0,1076.0,3542.0,150.0,167.0,23.0,351.0,5.0,825.0,968.0,1440.0,2316.0,267.0,609.0,1695.0,2027.0,311.0,935.0,1938.0,365.0,163.0,51.82,46.28,45.87,75.0,48.0,27.0,3558.46,2466.0,2479.12,466.0,23.1,36.3,36.18,130.9,131.59,129.24,1890.72,151.97,118.17,483.23,63.93,1034.48,773.22,146.02,152.54,146.59,1662.0,963.0,1071.0,3696.0,159.0,180.0,26.0,364.0,2.0,890.0,1030.0,1503.0,2466.0,261.0,603.0,1755.0,1560.0,291.0,1036.0,2049.0,424.0,152.0,53.95,54.49,43.52,85.0,49.0,25.0,3696.64,2625.0,2626.81,477.0,24.47,37.77,38.11,138.33,138.64,136.09,-0.2073170731707317,0.1951219512195122,0.14634146341463414,-0.0031191615211253435,0.0028828994880989284,0.5650961806523558,0.5166112956810631,0.4743784880771182,0.4941675503711559,0.5540158633846625,0.5064816624324148,0.4840596817113451,0.5042526024195468,0.4975216288501463,0.487010364786647,0.008906250000000004,0.04371874999999992,0.05262499999999992,4.2,0.6,1.5375
20242025,Central,Western,0,Utah Hockey Club,UTA,https://assets.nhle.com/logos/nhl/svg/UTA_light.svg,e,W,11,5,8,11,2025-04-17,C,6,2,5,6,2,82,-10,-0.121951,251,241,2.939024,41,-1,119,118,15,8,44,18,15,0,18,10,11,27,38,2,2,14,6,6,0,6,23,8,11,19,31,13,Utah,0.542683,89,0.45122,37,0.365854,30,41,-9,132,123,16,5,45,19,15,0,20,20242025,4,1,L,1,Utah Hockey Club,0,14,5,0.463415,38,,Club de hockey de l'Utah,0.516,82,247,3.01219,240,2.92682,31,13,0.809,0.7929999999999999,0.5429999999999999,89,0.20800000000000002,0.242,37,27.70731,28.54878,59,,38,30,1,UTA,5on5,80,0.53,0.53,0.53,238190.0,2121.23,180.93,130.63,541.23,71.78,1142.02,837.48,173.35,181.64,174.05,1852.0,1053.0,1187.0,4092.0,153.0,215.0,22.0,389.0,8.0,978.0,1162.0,1699.0,2752.0,258.0,617.0,1852.0,1363.0,325.0,1229.0,2174.0,553.0,178.0,63.69,67.77,49.46,66.0,62.0,25.0,4116.96,2905.0,2924.14,584.0,27.09,42.41,42.44,165.51,166.21,163.3,1858.78,159.23,112.02,475.4,62.73,979.8,745.81,154.28,159.7,154.75,1686.0,849.0,1066.0,3601.0,146.0,171.0,24.0,364.0,4.0,852.0,998.0,1540.0,2389.0,253.0,585.0,1789.0,1781.0,337.0,1057.0,1900.0,481.0,154.0,55.39,59.51,44.34,64.0,52.0,30.0,3599.73,2535.0,2535.38,502.0,23.27,36.9,36.94,145.57,146.1,144.1,-0.12195121951219512,0.18292682926829268,0.18292682926829268,0.0022041227591418616,-0.005302489609135567,0.43352417302798985,0.4909365558912387,0.5376202974628171,0.5377532228360957,0.46119592875318066,0.5222729317991901,0.5071889598705822,0.5073143611661279,0.5072725607342794,0.5346434870244394,0.025906249999999992,0.010718749999999888,0.03662499999999988,0.0,0.0,0.0
20242025,Metropolitan,Eastern,0,Columbus Blue Jackets,CBJ,https://assets.nhle.com/logos/nhl/svg/CBJ_light.svg,e,E,6,6,14,9,2025-04-17,M,3,1,8,4,2,81,0,0.0,267,267,3.296296,40,36,123,159,10,5,55,21,19,0,25,10,7,28,35,4,0,12,6,6,0,6,10,13,27,20,33,9,Columbus,0.537037,87,0.407407,33,0.358025,29,41,-36,144,108,23,4,32,12,10,0,14,20242025,1,6,W,5,Blue Jackets,0,13,3,0.481481,39,,,0.478,81,266,3.28395,261,3.22222,33,9,0.81,0.769,0.537,87,0.157,0.195,33,29.82716,29.08641,29,,39,29,6,CBJ,5on5,80,0.48,0.48,0.49,244762.0,2019.58,171.59,127.01,516.32,69.13,1067.17,810.77,162.29,171.76,162.5,1856.0,906.0,1121.0,3883.0,193.0,235.0,27.0,426.0,6.0,828.0,1074.0,1663.0,2569.0,238.0,561.0,1740.0,1567.0,334.0,1100.0,2106.0,460.0,196.0,56.22,57.2,58.18,81.0,83.0,29.0,3883.13,2762.0,2763.45,528.0,26.36,51.78,51.78,146.18,146.27,143.25,2102.69,183.87,135.36,528.63,71.28,1137.13,834.73,176.33,184.99,177.33,1887.0,1004.0,1233.0,4124.0,178.0,245.0,24.0,358.0,7.0,910.0,1193.0,1709.0,2713.0,210.0,514.0,1924.0,1499.0,329.0,1101.0,2173.0,530.0,188.0,61.91,66.88,55.08,86.0,66.0,26.0,4143.93,2891.0,2910.36,520.0,28.05,51.28,51.35,160.58,161.51,158.64,0.0,0.2345679012345679,0.12345679012345678,-0.0001642411812291093,0.007476650787295413,0.5110893672537509,0.5037707390648567,0.49977283053157656,0.5038167938931297,0.4914320838978373,0.484394941408516,0.5205966984703922,0.5248091603053435,0.5234050063603597,0.5020847474061864,-0.021093749999999994,-0.013281250000000022,-0.03437500000000002,0.0,0.0,0.0
20242025,Atlantic,Eastern,0,Detroit Red Wings,DET,https://assets.nhle.com/logos/nhl/svg/DET_light.svg,e,E,10,5,10,10,2025-04-17,A,7,5,6,6,2,81,-20,-0.246914,255,235,2.901235,41,3,125,128,16,3,47,22,19,0,22,10,2,28,30,3,1,13,6,5,0,6,18,12,21,21,35,7,Detroit,0.524691,85,0.444444,36,0.37037,30,40,-23,130,107,19,4,38,14,11,0,17,20242025,0,3,W,3,Red Wings,0,12,4,0.481481,39,,,0.491,81,255,3.14814,232,2.86419,35,7,0.7090000000000001,0.698,0.525,85,0.23800000000000002,0.268,36,28.59259,27.33333,17,,39,30,3,DET,5on5,79,0.48,0.48,0.48,240421.0,1876.55,158.81,117.78,471.94,63.42,1006.67,752.37,152.48,158.61,152.27,1669.0,902.0,1035.0,3606.0,134.0,187.0,15.0,353.0,6.0,809.0,1082.0,1535.0,2437.0,194.0,419.0,1742.0,1438.0,306.0,1094.0,1943.0,469.0,159.0,55.01,58.63,45.17,54.0,56.0,24.0,3586.25,2571.0,2565.52,561.0,24.44,39.33,38.9,144.34,144.1,142.04,2034.13,171.69,129.48,517.99,69.45,1098.35,814.04,164.03,173.45,165.71,1819.0,982.0,1117.0,3918.0,156.0,193.0,19.0,426.0,4.0,913.0,1109.0,1663.0,2645.0,235.0,499.0,1845.0,1684.0,327.0,1104.0,2102.0,522.0,177.0,57.39,64.19,50.12,76.0,58.0,22.0,3953.16,2801.0,2820.21,537.0,26.83,39.71,39.63,158.9,160.55,157.57,-0.24691358024691357,0.2345679012345679,0.13580246913580246,0.0024232492169985174,-0.004559501873796385,0.4606021780909673,0.4834123222748815,0.49772520473157417,0.5109289617486339,0.44288670970285315,0.4648195406489245,0.5184637549287231,0.5322176684881603,0.5276330306350145,0.49535209474086334,0.051906250000000015,-0.08428125000000009,-0.03237500000000007,0.0,0.0,0.0
20242025,Metropolitan,Eastern,0,New York Rangers,NYR,https://assets.nhle.com/logos/nhl/svg/NYR_light.svg,e,E,16,12,4,11,2025-04-17,M,8,6,3,5,2,81,-3,-0.037037,255,252,3.111111,40,-12,127,115,19,3,39,17,15,0,18,10,-3,42,39,5,1,9,4,3,0,4,30,24,13,22,36,7,NY Rangers,0.512346,83,0.45679,37,0.419753,34,41,9,128,137,17,4,44,20,19,0,20,20242025,0,1,W,1,Rangers,0,11,5,0.469136,38,,,0.535,81,255,3.14814,251,3.09876,36,7,0.873,0.8009999999999999,0.512,83,0.14400000000000002,0.177,37,29.92592,28.66666,3,,38,34,1,NYR,5on5,80,0.48,0.49,0.49,237341.0,2006.81,167.67,127.04,509.59,67.1,1079.76,804.84,161.01,169.31,162.48,1790.0,966.0,1047.0,3803.0,173.0,202.0,27.0,379.0,7.0,838.0,1157.0,1617.0,2583.0,248.0,556.0,1843.0,1909.0,322.0,1057.0,2101.0,489.0,166.0,58.21,61.73,47.73,88.0,60.0,25.0,3827.61,2756.0,2776.56,528.0,26.39,40.87,40.88,153.17,154.54,151.81,2099.08,179.62,134.32,526.36,70.0,1119.19,832.49,172.69,180.07,173.17,1910.0,952.0,1096.0,3958.0,170.0,213.0,23.0,346.0,4.0,846.0,1283.0,1740.0,2692.0,229.0,511.0,1620.0,1486.0,326.0,1135.0,2134.0,534.0,194.0,60.2,65.87,53.56,74.0,73.0,23.0,3961.28,2862.0,2864.49,518.0,27.88,43.42,43.7,163.81,164.2,161.77,-0.037037037037037035,0.18518518518518517,0.2345679012345679,0.0008013786071517322,0.0026594646521250044,0.5622974963181149,0.49691358024691357,0.4822080291970803,0.5047801147227533,0.551272055213838,0.48717017671266033,0.4920490093847758,0.5150817497170952,0.5074041696063221,0.48332939229132177,-0.03909375000000001,0.018718749999999895,-0.020375000000000115,7.2,1.2,2.85
20242025,Metropolitan,Eastern,0,New York Islanders,NYI,https://assets.nhle.com/logos/nhl/svg/NYI_light.svg,e,E,14,14,8,12,2025-04-17,M,6,8,4,6,2,81,-31,-0.382716,254,223,2.753086,41,-16,131,115,17,5,43,17,15,0,19,10,-12,40,28,5,2,8,3,3,0,3,26,27,18,23,34,12,NY Islanders,0.506173,82,0.407407,33,0.345679,28,40,-15,123,108,17,7,39,16,13,0,16,20242025,3,2,L,1,Islanders,0,10,6,0.432099,35,,,0.5489999999999999,81,251,3.09876,221,2.72839,34,12,0.772,0.722,0.506,82,0.087,0.126,33,28.76543,29.39506,2,,35,28,2,NYI,5on5,80,0.5,0.5,0.51,242999.0,2054.66,171.06,132.85,523.2,70.22,1117.81,822.85,164.81,171.06,164.8,1844.0,994.0,1130.0,3968.0,160.0,211.0,23.0,408.0,2.0,933.0,1124.0,1684.0,2678.0,179.0,391.0,1957.0,1707.0,341.0,1077.0,2185.0,483.0,170.0,63.18,61.01,46.88,67.0,69.0,24.0,3957.04,2838.0,2833.24,527.0,27.62,42.73,42.87,155.81,155.7,152.94,2017.64,170.05,129.97,506.95,67.76,1089.3,810.97,163.84,171.08,164.81,1802.0,973.0,1203.0,3978.0,154.0,208.0,14.0,338.0,6.0,927.0,1142.0,1648.0,2621.0,205.0,449.0,1629.0,1644.0,383.0,1086.0,2110.0,499.0,166.0,59.81,63.17,47.07,78.0,60.0,16.0,4002.51,2775.0,2791.53,530.0,26.97,43.12,43.2,153.81,154.7,152.19,-0.38271604938271603,0.18518518518518517,0.16049382716049382,0.002669146786612291,-0.001185190062510548,0.5094001790510295,0.47099447513812154,0.49791955617198336,0.4985808893093661,0.5094001790510295,0.47099447513812154,0.49791955617198336,0.4985808893093661,0.49836044493023857,0.49808295573370515,-0.09009375,-0.060281250000000064,-0.15037500000000006,1.4,0.0,0.26249999999999996
20242025,Pacific,Western,0,Anaheim Ducks,ANA,https://assets.nhle.com/logos/nhl/svg/ANA_light.svg,e,W,10,14,12,12,2025-04-17,P,5,7,6,6,2,82,-42,-0.512195,263,221,2.695122,41,-5,128,123,18,2,44,19,16,0,21,10,-14,36,22,5,2,8,2,1,0,3,22,28,23,24,37,10,Anaheim,0.487805,80,0.378049,31,0.292683,24,41,-37,135,98,19,8,36,12,8,0,14,20242025,2,4,OT,2,Ducks,0,9,6,0.426829,35,,,0.446,82,261,3.18292,217,2.64634,37,10,0.754,0.742,0.488,80,0.09,0.11800000000000001,31,32.29268,27.68292,24,,35,24,4,ANA,5on5,80,0.45,0.46,0.46,236308.0,1902.78,155.42,117.98,486.48,64.38,1025.47,774.35,148.97,153.96,147.62,1720.0,905.0,1036.0,3661.0,154.0,212.0,24.0,407.0,6.0,777.0,1069.0,1566.0,2471.0,274.0,582.0,1564.0,1728.0,294.0,1020.0,2048.0,420.0,157.0,58.78,52.01,44.63,73.0,58.0,23.0,3613.42,2625.0,2601.92,484.0,24.45,43.07,43.26,136.55,135.4,132.94,2237.85,190.54,144.29,561.28,75.42,1222.35,900.13,184.01,192.42,185.85,1993.0,1101.0,1224.0,4318.0,162.0,213.0,24.0,511.0,4.0,979.0,1225.0,1831.0,2932.0,256.0,548.0,1941.0,1328.0,303.0,952.0,2341.0,567.0,186.0,68.99,71.33,50.21,60.0,69.0,33.0,4380.8,3094.0,3128.16,443.0,29.85,40.52,40.94,179.45,181.09,178.15,-0.5121951219512195,0.1951219512195122,0.0975609756097561,0.006055656177531017,0.0016199197657294705,0.5654450261780105,0.49246231155778897,0.5172413793103449,0.5221143473570659,0.5235602094240838,0.4559836218127675,0.5622188905547226,0.5675155949533324,0.5657500268204625,0.5137767220902614,-0.09809375,-0.040281250000000046,-0.13837500000000003,0.0,0.0,0.0
20242025,Metropolitan,Eastern,0,Pittsburgh Penguins,PIT,https://assets.nhle.com/logos/nhl/svg/PIT_light.svg,e,E,12,10,13,13,2025-04-17,M,4,4,7,7,2,81,-53,-0.654321,291,238,2.938272,40,-15,142,127,15,5,45,19,12,0,20,10,-6,34,28,4,2,10,4,3,0,4,21,20,26,25,36,12,Pittsburgh,0.481481,78,0.395062,32,0.283951,23,41,-38,149,111,21,7,33,13,11,0,13,20242025,6,1,L,1,Penguins,0,8,7,0.407407,33,,,0.528,81,285,3.51851,237,2.92592,36,12,0.799,0.78,0.48100000000000004,78,0.233,0.256,32,30.25925,28.22222,5,,33,23,1,PIT,5on5,81,0.49,0.51,0.5,244875.0,2048.03,174.98,134.77,523.44,70.14,1108.13,812.53,167.16,174.9,167.07,1819.0,1005.0,1175.0,3999.0,154.0,227.0,19.0,408.0,7.0,881.0,1147.0,1665.0,2670.0,221.0,473.0,1926.0,1558.0,379.0,1117.0,2138.0,500.0,186.0,59.67,63.27,52.04,69.0,60.0,25.0,3977.31,2824.0,2810.19,505.0,27.99,46.18,46.38,156.58,156.55,153.4,2074.05,181.5,134.5,523.3,70.51,1119.82,827.37,173.72,183.8,175.84,1914.0,943.0,1059.0,3916.0,194.0,222.0,22.0,408.0,5.0,871.0,1157.0,1720.0,2663.0,233.0,513.0,1717.0,1538.0,363.0,1095.0,2140.0,528.0,189.0,60.97,66.79,53.74,84.0,79.0,31.0,3962.61,2857.0,2890.22,533.0,27.95,45.41,45.5,163.95,165.94,162.99,-0.654320987654321,0.14814814814814814,0.13580246913580246,-0.004449617151607963,-0.0032024502297090334,0.5032299741602068,0.5107816711590296,0.5049728752260397,0.4865125240847784,0.513499973632864,0.5212057868969691,0.4950714463000389,0.4769730628282141,0.4830058573188224,0.5047888550282978,0.039906250000000004,-0.0022812500000000124,0.03762499999999999,0.0,0.0,0.0
20242025,Atlantic,Eastern,0,Buffalo Sabres,BUF,https://assets.nhle.com/logos/nhl/svg/BUF_light.svg,e,E,9,7,15,14,2025-04-17,A,6,6,7,7,2,81,-21,-0.259259,285,264,3.259259,40,9,130,139,15,3,47,18,17,0,22,10,1,36,37,4,1,11,4,4,0,5,17,15,28,26,39,7,Buffalo,0.475309,77,0.382716,31,0.345679,28,41,-30,155,125,24,4,30,13,11,0,13,20242025,2,4,L,2,Sabres,0,7,8,0.432099,35,,,0.478,81,283,3.49382,260,3.20987,39,7,0.8029999999999999,0.7659999999999999,0.475,77,0.154,0.18899999999999997,31,28.93827,27.74074,7,,35,28,4,BUF,5on5,80,0.47,0.5,0.49,233776.0,1920.9,153.57,124.05,489.37,64.23,1054.1,772.68,148.12,154.14,148.66,1697.0,961.0,1059.0,3717.0,182.0,180.0,21.0,373.0,6.0,789.0,1128.0,1515.0,2476.0,270.0,618.0,1725.0,1565.0,315.0,1039.0,2077.0,437.0,144.0,59.04,54.43,40.1,100.0,60.0,22.0,3717.34,2658.0,2660.24,506.0,25.64,37.35,36.94,142.28,142.7,140.51,1982.74,172.03,127.84,503.81,66.55,1069.48,789.28,165.48,171.76,165.24,1774.0,955.0,1037.0,3766.0,179.0,223.0,36.0,372.0,9.0,879.0,1067.0,1595.0,2550.0,262.0,597.0,1859.0,1654.0,358.0,1043.0,2032.0,517.0,180.0,57.89,65.38,48.76,74.0,70.0,35.0,3754.39,2729.0,2728.12,486.0,26.56,44.0,44.36,154.23,154.1,151.68,-0.25925925925925924,0.20987654320987653,0.13580246913580246,-0.0035315857915269293,0.008556909178016565,0.4861758310034172,0.46805349182763745,0.4990393852065322,0.5100806451612904,0.4861758310034172,0.46805349182763745,0.4990393852065322,0.5100806451612904,0.506400225176371,0.45436654366543666,-0.027093750000000028,-0.016281250000000136,-0.04337500000000016,0.0,0.0,0.0
20242025,Metropolitan,Eastern,0,Philadelphia Flyers,PHI,https://assets.nhle.com/logos/nhl/svg/PHI_light.svg,e,E,15,8,12,15,2025-04-17,M,7,2,6,8,2,81,-47,-0.580247,281,234,2.888889,41,-12,134,122,20,1,41,17,14,0,20,10,-3,41,38,4,1,11,4,4,0,5,28,16,24,27,38,10,Philadelphia,0.469136,76,0.333333,27,0.259259,21,40,-35,147,112,18,9,35,10,7,0,13,20242025,3,6,L,1,Flyers,0,6,9,0.407407,33,Philadelphie,,0.499,81,278,3.43209,228,2.81481,38,10,0.795,0.775,0.469,76,0.10400000000000001,0.146,27,26.90123,27.0,4,,33,21,6,PHI,5on5,80,0.53,0.48,0.5,242774.0,1922.22,171.79,128.13,482.38,65.39,1026.06,754.26,164.32,172.53,164.95,1745.0,883.0,983.0,3611.0,164.0,207.0,26.0,367.0,4.0,734.0,1152.0,1581.0,2464.0,223.0,489.0,1791.0,1578.0,350.0,1145.0,1959.0,482.0,187.0,56.49,62.0,53.31,78.0,60.0,26.0,3588.18,2628.0,2622.48,546.0,26.63,43.35,43.51,154.9,154.82,152.42,1892.3,151.43,119.14,475.05,63.19,1028.17,772.02,146.12,153.16,147.76,1706.0,903.0,1288.0,3897.0,190.0,168.0,17.0,338.0,8.0,798.0,1107.0,1516.0,2419.0,227.0,501.0,1704.0,1592.0,364.0,1090.0,2029.0,447.0,133.0,58.43,55.72,37.28,96.0,68.0,26.0,3955.83,2609.0,2645.34,528.0,24.67,34.75,35.11,140.99,142.72,140.51,-0.5802469135802469,0.1728395061728395,0.08641975308641975,-0.010439338644171124,-0.0002347862621203231,0.49779179810725555,0.49019607843137253,0.5123042505592841,0.5083798882681564,0.4786459597185149,0.4713423831070889,0.5336502609992543,0.529562383612663,0.5309250094081934,0.5534215212414143,-0.07009375000000001,-0.007281250000000017,-0.07737500000000003,0.0,0.0,0.0
20242025,Pacific,Western,0,Seattle Kraken,SEA,https://assets.nhle.com/logos/nhl/svg/SEA_light.svg,e,W,14,10,13,13,2025-04-17,P,7,5,7,7,2,82,-18,-0.219512,265,247,3.012195,41,0,125,125,18,5,41,17,14,0,18,10,2,29,31,5,0,10,4,4,0,5,29,18,25,28,41,6,Seattle,0.463415,76,0.402439,33,0.341463,28,41,-18,140,122,23,1,35,16,14,0,17,20242025,3,2,L,1,Kraken,0,5,7,0.426829,35,,,0.486,82,262,3.19512,245,2.9878,41,6,0.7879999999999999,0.772,0.46299999999999997,76,0.172,0.18899999999999997,33,28.56097,27.35365,55,,35,28,2,SEA,5on5,81,0.46,0.48,0.48,242064.0,1964.88,152.05,123.45,497.71,66.89,1082.52,813.38,147.09,151.41,146.49,1743.0,993.0,1054.0,3790.0,167.0,179.0,18.0,377.0,5.0,894.0,1114.0,1576.0,2569.0,210.0,475.0,1749.0,1615.0,359.0,1035.0,2165.0,447.0,124.0,60.55,56.08,35.43,81.0,64.0,22.0,3749.68,2736.0,2715.47,494.0,25.49,33.94,34.08,143.48,142.7,140.58,2121.43,177.48,136.49,540.82,72.59,1162.26,856.38,170.52,179.86,172.85,1853.0,1093.0,1191.0,4137.0,179.0,227.0,23.0,463.0,9.0,986.0,1082.0,1674.0,2767.0,240.0,523.0,1839.0,1579.0,312.0,1028.0,2267.0,499.0,180.0,64.14,63.02,50.33,82.0,75.0,22.0,4209.19,2946.0,2993.89,489.0,28.3,45.12,45.54,160.24,162.17,159.18,-0.21951219512195122,0.17073170731707318,0.17073170731707318,-0.0015243902439024404,0.005083779496331547,0.5056355666875392,0.5350223546944859,0.5016965584100824,0.5025432349949135,0.48618804489186457,0.514444571821621,0.5226005816771693,0.5234825364530349,0.5231885515277463,0.428033157498116,-0.027093750000000028,-0.01028125000000002,-0.03737500000000005,2.8000000000000003,0.4,1.025
20242025,Atlantic,Eastern,0,Boston Bruins,BOS,https://assets.nhle.com/logos/nhl/svg/BOS_light.svg,e,E,11,15,16,16,2025-04-17,A,8,7,8,8,2,82,-50,-0.609756,272,222,2.707317,41,3,117,120,14,7,47,20,15,0,20,10,-4,36,32,6,1,7,3,3,0,3,19,29,29,29,39,10,Boston,0.463415,76,0.402439,33,0.317073,26,41,-53,155,102,25,3,29,13,11,0,13,20242025,1,0,OT,1,Bruins,0,4,10,0.402439,33,,,0.517,82,271,3.30487,222,2.70731,39,10,0.7879999999999999,0.763,0.46299999999999997,76,0.096,0.152,33,28.60975,26.51219,6,,33,26,0,BOS,5on5,81,0.48,0.48,0.47,240744.0,1828.84,153.13,114.89,458.95,61.33,978.8,733.89,147.02,153.64,147.43,1639.0,862.0,1072.0,3573.0,150.0,171.0,16.0,355.0,5.0,742.0,1078.0,1489.0,2351.0,271.0,643.0,1845.0,2025.0,369.0,1174.0,1900.0,438.0,163.0,50.89,54.92,47.32,58.0,72.0,20.0,3556.35,2501.0,2499.39,595.0,23.82,36.89,37.17,139.78,140.08,138.03,1996.53,162.73,124.55,513.16,68.0,1093.27,807.29,156.99,164.39,158.53,1796.0,973.0,1127.0,3896.0,163.0,191.0,18.0,429.0,6.0,875.0,1105.0,1633.0,2606.0,272.0,635.0,1733.0,1681.0,372.0,1167.0,2142.0,477.0,150.0,59.52,60.42,42.79,85.0,58.0,20.0,3934.39,2769.0,2797.45,529.0,25.8,39.04,39.05,149.48,150.63,148.32,-0.6097560975609756,0.18292682926829268,0.13414634146341464,-0.0011140464559864418,0.0006405144053434336,0.5464112250404749,0.4979757085020243,0.5014950875694147,0.5293594306049823,0.5253954086927642,0.47882279663656174,0.5223907162181404,0.5514160735468565,0.5417409544372844,0.48766727892941486,-0.06409375,-0.019281250000000028,-0.08337500000000003,4.8,0.6,1.65
20242025,Central,Western,0,Nashville Predators,NSH,https://assets.nhle.com/logos/nhl/svg/NSH_light.svg,e,W,12,15,15,14,2025-04-17,C,7,8,7,7,2,82,-60,-0.731707,274,214,2.609756,41,-6,129,123,18,3,43,19,15,0,20,10,-12,42,30,7,0,6,2,1,0,3,25,31,31,30,44,8,Nashville,0.414634,68,0.341463,28,0.292683,24,41,-54,145,91,26,5,25,9,9,0,10,20242025,0,2,W,1,Predators,0,3,8,0.365854,30,,,0.513,82,274,3.34146,212,2.58536,44,8,0.8190000000000001,0.815,0.415,68,0.19699999999999998,0.21899999999999997,28,28.56097,29.30487,18,,30,24,2,NSH,5on5,80,0.5,0.51,0.5,235275.0,1932.62,162.01,126.21,485.02,65.37,1054.23,774.16,156.34,161.48,155.83,1784.0,883.0,1130.0,3797.0,124.0,188.0,16.0,414.0,4.0,827.0,1110.0,1660.0,2543.0,251.0,615.0,1807.0,1796.0,332.0,1070.0,2019.0,496.0,152.0,57.43,62.28,42.3,53.0,52.0,19.0,3755.74,2667.0,2650.34,484.0,26.18,36.95,36.62,151.56,151.08,148.64,1950.56,164.43,126.14,488.54,65.19,1050.43,782.27,158.1,165.63,159.31,1822.0,855.0,1023.0,3700.0,184.0,192.0,16.0,365.0,1.0,797.0,1138.0,1638.0,2493.0,252.0,626.0,1737.0,1592.0,380.0,1117.0,2019.0,504.0,154.0,60.02,61.81,42.6,101.0,58.0,25.0,3741.19,2677.0,2701.59,533.0,26.23,36.52,37.19,153.47,154.76,152.0,-0.7317073170731707,0.18292682926829268,0.10975609756097561,-0.0062964615875039836,-0.00811730953139943,0.5301062573789846,0.46629213483146065,0.489254686785551,0.4759095378564405,0.5409247524275353,0.47580830084842923,0.47966145763289314,0.46657797829062797,0.470939138071383,0.496138734588809,0.0029062499999999714,0.03271874999999991,0.03562499999999988,1.2,0.0,0.22499999999999998
20242025,Central,Western,0,Chicago Blackhawks,CHI,https://assets.nhle.com/logos/nhl/svg/CHI_light.svg,e,W,15,12,16,15,2025-04-17,C,8,6,8,8,2,82,-70,-0.853659,296,226,2.756098,41,-23,146,123,20,6,36,15,13,0,15,10,-7,37,30,4,2,10,3,2,0,4,31,22,32,31,46,11,Chicago,0.371951,61,0.280488,23,0.243902,20,41,-47,150,103,26,5,25,8,7,0,10,20242025,4,2,W,2,Blackhawks,0,2,9,0.304878,25,,,0.44799999999999995,82,292,3.56097,224,2.7317,46,11,0.8190000000000001,0.7929999999999999,0.37200000000000005,61,0.212,0.249,23,31.10975,24.45121,16,,25,20,2,CHI,5on5,80,0.43,0.44,0.44,243771.0,1707.35,141.54,108.61,426.04,56.81,921.16,688.83,136.97,141.37,136.85,1606.0,737.0,922.0,3265.0,148.0,168.0,20.0,318.0,4.0,673.0,1032.0,1458.0,2195.0,236.0,542.0,1529.0,1428.0,352.0,1036.0,1785.0,412.0,146.0,48.82,51.32,41.41,73.0,53.0,22.0,3227.59,2343.0,2325.49,515.0,22.42,32.55,32.55,131.42,131.32,129.62,2184.14,186.81,143.77,543.99,73.76,1194.33,874.34,179.46,189.12,181.66,2011.0,1006.0,1131.0,4148.0,204.0,235.0,25.0,399.0,5.0,919.0,1255.0,1807.0,2813.0,199.0,456.0,1891.0,1606.0,335.0,1027.0,2287.0,534.0,196.0,66.4,67.93,52.48,98.0,77.0,29.0,4200.29,3017.0,3053.49,469.0,29.79,45.17,45.17,171.43,173.23,170.0,-0.8536585365853658,0.15853658536585366,0.08536585365853659,-0.005498603197263006,0.0027443789458139003,0.47066578773895845,0.512372634643377,0.5021812893843917,0.5233739837398373,0.4202373104812129,0.4574755666458723,0.570660556118627,0.5947431633407243,0.5867156276000252,0.41881111682964484,0.03290625,0.010718749999999888,0.043624999999999886,0.0,0.0,0.0
20242025,Pacific,Western,0,San Jose Sharks,SJS,https://assets.nhle.com/logos/nhl/svg/SJS_light.svg,e,W,16,16,14,16,2025-04-17,P,8,8,8,8,2,82,-105,-1.280488,315,210,2.560976,41,-45,149,104,27,2,26,11,9,0,12,10,-24,45,21,7,3,3,0,0,0,0,32,32,30,32,50,12,San Jose,0.317073,52,0.219512,18,0.170732,14,41,-60,166,106,23,10,26,7,5,0,8,20242025,5,2,L,1,Sharks,0,1,10,0.243902,20,,,0.48100000000000004,82,310,3.78048,208,2.53658,50,12,0.762,0.742,0.317,52,0.15,0.18600000000000003,18,31.78048,26.86585,28,,20,14,2,SJS,5on5,80,0.44,0.45,0.46,236548.0,1824.2,147.58,116.01,464.22,62.08,989.02,732.08,142.18,146.03,140.68,1695.0,816.0,1043.0,3554.0,143.0,188.0,23.0,330.0,5.0,807.0,1038.0,1552.0,2368.0,259.0,601.0,1707.0,1703.0,302.0,1069.0,1938.0,422.0,151.0,53.41,51.87,42.3,77.0,41.0,25.0,3473.46,2511.0,2474.52,511.0,24.01,38.83,38.78,132.81,131.35,129.17,2166.41,188.65,142.3,545.34,73.07,1182.18,863.46,179.78,192.34,183.25,1990.0,1005.0,1266.0,4261.0,201.0,251.0,25.0,389.0,7.0,971.0,1176.0,1789.0,2794.0,237.0,566.0,1843.0,1539.0,338.0,1086.0,2272.0,523.0,200.0,65.52,65.8,57.33,105.0,65.0,31.0,4388.34,2995.0,3060.7,491.0,29.52,50.62,51.11,167.06,170.24,166.92,-1.2804878048780488,0.10975609756097561,0.06097560975609756,-0.004502257469942676,0.0005884640749446184,0.5252930289944479,0.471875,0.4960556844547564,0.5099800399201597,0.47753911726767984,0.4289772727272727,0.5511729827275071,0.5666444888001775,0.5614873201092874,0.4314161753253977,-0.030093749999999975,-0.040281250000000046,-0.07037500000000002,0.0,0.0,0.0
